Iteration,Comp1,Comp2,Comp3,Comp4,Objective
0,0.398,0.584,0,0.018,0.582495238745
0,0.398,0.584,0,0.018,0.635726114931
0,0.398,0.584,0,0.018,0.648367521254
0,0.394478503724,0.581747915787,0.00296975893916,0.0208038215496,0.738495161569
0,0.382692181349,0.577447508658,0.0113381614668,0.0285221485259,0.747593565504
0,0.356870461122,0.608310270321,0.0101188952484,0.0247003733086,0.672441909162
0,0.362856469251,0.607725783139,0.00859170264785,0.0208260449624,0.718491760661
0,0.383385022672,0.591894217698,0.00717436454722,0.0175463950828,0.622591332107
0,0.408676491701,0.569568069699,0.00604586405935,0.0157095745407,0.626233268805
0,0.434210577101,0.543035095535,0.00524304218638,0.0175112851774,0.589098449705
0,0.462400058817,0.499550201289,0.00483281193989,0.0332169279539,0.781237937165
0,0.481269678106,0.445681769201,0.00566002643186,0.067388526261,0.776989949231
0,0.49211246942,0.4003816238,0.00847676191569,0.0990291448647,0.773603900617
0,0.501033250719,0.354729400932,0.0147835012137,0.129453847135,0.687086977934
0,0.508092059481,0.306884221577,0.0259356562508,0.159088062691,0.821710266224
0,0.513252724817,0.256834718373,0.04171349858,0.188199058229,0.700317519225
0,0.516687870877,0.209715407897,0.0589479439634,0.214648777262,0.780211813297
0,0.519162617923,0.169831784841,0.0745169719219,0.236488625314,0.730383173044
0,0.521172588811,0.137993140135,0.087212559646,0.253621711408,0.839814665925
0,0.522850219122,0.112991320973,0.0971957164769,0.266962743428,0.776847558477
0,0.524316490725,0.0923691349526,0.105400442457,0.277913931865,0.555835421522
0,0.525586787439,0.0753834258743,0.112127423931,0.286902362755,0.760079775568
0,0.526702780241,0.0611168257346,0.117751181506,0.294429212519,0.723834517302
0,0.528096021825,0.0441416197945,0.124406590205,0.303355768176,0.826843840211
1,0,0.298,0.602,0.1,0.787201806334
1,0.000199131480292,0.297797461549,0.601942278516,0.100061128455,0.809722357889
1,0.012571727635,0.285213180788,0.598355881171,0.103859210406,0.744147305825
1,0.0117988748459,0.238513412116,0.663908588931,0.0857791241074,0.7209073845
1,0.0095082921269,0.209548286244,0.712316771374,0.0686266502548,0.762383142681
1,0.00750568747191,0.205054374157,0.730454189525,0.056985748846,0.756689173012
1,0.00594775474548,0.210326718022,0.728437572873,0.055287954359,0.706481895968
1,0.00480002065655,0.209435761936,0.718830236006,0.0669339814012,0.645185027626
1,0.00402820343334,0.200830691566,0.705387635809,0.0897534691911,0.627655351284
1,0.00368834012926,0.187604382927,0.693044728255,0.115662548689,0.637055224083
1,0.0039337195607,0.171809050994,0.684135416025,0.140121813421,0.747737087523
1,0.00510462810449,0.154138090659,0.677998047269,0.162759233967,0.678074317534
1,0.00776468721452,0.135531181882,0.673499684538,0.183204446366,0.660658260476
1,0.0156708714228,0.110621953701,0.667340089642,0.206367085235,0.531030724376
1,0.0291548631599,0.0860744667696,0.658706465464,0.226064204606,0.686845407405
1,0.0420761207011,0.068718336081,0.650791676379,0.238413866839,0.755681189881
1,0.0545604883412,0.054545787123,0.643455247852,0.247438476684,0.814055662869
1,0.0653431446978,0.0431696612837,0.637309796011,0.254177398007,0.751201234646
1,0.0740861724305,0.0341478966375,0.632463286135,0.259302644797,0.739315202158
1,0.0807456761493,0.0272625994761,0.628878507074,0.2631132173,0.738746115769
1,0.0858722618945,0.0219012258119,0.626193143756,0.266033368538,0.739863558128
1,0.0899810511221,0.0175400475843,0.62410052103,0.268378380264,0.802447482877
1,0.0931705977613,0.0140945633067,0.622525850858,0.270208988074,0.802994377713
1,0.0966004845995,0.0103068009829,0.620897442722,0.272195271695,0.824974702958
2,0,0.247,0.704,0.049,0.858942387269
2,0,0.247,0.704,0.049,0.728849539042
2,0.00253098239277,0.247038570159,0.699279582966,0.0511508644823,0.850418998983
2,0.0108988997677,0.214861256992,0.723592745375,0.0506470978657,0.854253623366
2,0.0087559597374,0.180843198991,0.770526132383,0.0398747088888,0.610666666667
2,0.00776214349057,0.19130009001,0.768452381423,0.0324853850766,0.876654483195
2,0.0120919737837,0.220973024288,0.734722206912,0.0322127950154,0.772917921552
2,0.0338536941642,0.239086716138,0.681679126062,0.0453804636358,0.899522934778
2,0.0864098259132,0.244812508892,0.591631253859,0.0771464113362,0.772381571527
2,0.146526283745,0.24388444757,0.495545715085,0.1140435536,0.877766887149
2,0.190612780614,0.242644477835,0.426040631677,0.140702109874,0.733892350379
2,0.232984936151,0.24107218977,0.360093460584,0.165849413495,0.808990521459
2,0.273074260175,0.239099064343,0.298534311832,0.189292363649,0.856508920568
2,0.309319464148,0.237095517533,0.243082936193,0.210502082126,0.885791831239
2,0.340715040925,0.235548314635,0.194663619586,0.229073024854,0.891216603767
2,0.365160324543,0.234505398098,0.156758994046,0.243575283313,0.880038481898
2,0.399410916174,0.233236094627,0.103435857368,0.263917131831,0.784477541433
2,0.422220558662,0.232515170745,0.0677867845747,0.277477486019,0.820940368569
2,0.434465080058,0.232177450778,0.0485952980945,0.28476217107,0.865178684472
3,0.339,0.134,0,0.527,0.756604461743
3,0.339,0.134,0,0.527,0.676770631421
3,0.326487872857,0.131675246337,0.00869590489715,0.533140975909,0.665475939687
3,0.287253690158,0.113283102908,0.0151349823761,0.584328224559,0.711403639682
3,0.26464526208,0.087757072459,0.0117101196567,0.635887545804,0.684001233091
3,0.273516036046,0.0753096936438,0.00912960451565,0.642044665794,0.672395355899
3,0.233036972825,0.130367087155,0.0624630749107,0.574132865108,0.613138029181
3,0.20724311207,0.143505181912,0.106007706193,0.543243999824,0.522717974824
3,0.179818347226,0.155081940541,0.150021338604,0.515078373628,0.499167643782
3,0.151912150573,0.165415257964,0.192444124366,0.490228467097,0.639385439757
3,0.124696040089,0.174558833161,0.232477377826,0.468267748924,0.781010932471
3,0.0997177833798,0.182404309584,0.268926238694,0.448951668342,0.764873237852
3,0.0784884770513,0.18892026632,0.298778174584,0.433813082045,0.797277345174
3,0.061451764228,0.194124461866,0.321804438352,0.422619335554,0.888097839347
3,0.0483144844457,0.198104438247,0.339127209456,0.414453867851,0.742090969969
3,0.0380012031713,0.201205576824,0.352476558048,0.408316661957,0.706170784105
3,0.0300316438486,0.203586190039,0.362630460464,0.403751705649,0.787159506678
3,0.0238713120475,0.20541539931,0.370367909786,0.400345378856,0.810324445643
3,0.0190609804026,0.206835728681,0.376328440426,0.397774850491,0.823397073543
3,0.0152142596149,0.207965149903,0.381030226063,0.395790364419,0.875055031868
3,0.0107431743307,0.209268856062,0.386403624956,0.393584344651,0.877459236283
4,0.271271271271,0.413413413413,0,0.315315315315,0.705694810744
4,0.271271271271,0.413413413413,0,0.315315315315,0.699028998756
4,0.270708438279,0.410612010174,0.00462228182903,0.314057269718,0.833888932358
4,0.261342278077,0.418405307455,0.0120571613395,0.308195253129,0.846802174254
4,0.239100877345,0.446389807665,0.0139571413717,0.300552173618,0.814483515524
4,0.223017156269,0.462380172357,0.0124683698764,0.302134301498,0.789815760495
4,0.220675112162,0.452651742353,0.0142137256434,0.312459419842,0.795223661318
4,0.222658149437,0.428291475929,0.030271997296,0.318778377338,0.825830010588
4,0.216339695032,0.393323047508,0.0753358849533,0.315001372507,0.800657979271
4,0.205845167878,0.357077781761,0.129706415558,0.307370634802,0.791805300955
4,0.1940535957,0.321996307281,0.18431735532,0.2996327417,0.834660220854
4,0.181112629375,0.287230865015,0.239793457856,0.291863047755,0.845317935841
4,0.167087285467,0.252514507164,0.296408136332,0.283990071037,0.808657581835
4,0.152051996242,0.217712840572,0.354326172593,0.275908990593,0.712848368728
4,0.136572103282,0.184103112967,0.411587509301,0.267737274451,0.807603450827
4,0.120811489697,0.151852551708,0.467688267361,0.259647691234,0.785748334213
4,0.107139524361,0.123789093067,0.515853515839,0.253217866733,0.812206563441
4,0.0965609979269,0.10158381891,0.553396355009,0.248458828155,0.832392809169
4,0.0881632212872,0.0836237644766,0.58345568654,0.244757327697,0.808149374195
4,0.0812007393124,0.0685114023471,0.60855610854,0.2417317498,0.825574678508
4,0.0756402904445,0.0562871563114,0.628727974389,0.239344578855,0.883260366241
4,0.0712572542068,0.0465445397925,0.644715381735,0.237482824266,0.867323673871
4,0.0676498486235,0.0384446450339,0.657939811839,0.235965694504,0.754304920894
4,0.0631441022827,0.028206629708,0.674555952032,0.234093315977,0.787779581237
5,0.467,0.272,0,0.261,0.811058591615
5,0.470611055393,0.267188505029,0.00512241790328,0.257078021675,0.830399728007
5,0.492146514483,0.247976806507,0.0184153202062,0.241461358803,0.90962660775
5,0.562934172512,0.210162399849,0.0150101323083,0.211893295331,0.861118109091
5,0.571588700896,0.195638383264,0.0121493258581,0.220623589982,0.849392572454
5,0.545154083308,0.197417526178,0.0110578142686,0.246370576245,0.823226840411
5,0.512151900546,0.198263003725,0.0168906806553,0.272694415074,0.893766533694
5,0.462230135768,0.188566476712,0.0533161765165,0.295887211003,0.884612229304
5,0.409910612631,0.169325323728,0.114133859194,0.306630204448,0.826210838647
5,0.371969127262,0.15266770352,0.161260132325,0.314103036893,0.781646916054
5,0.336754150358,0.1352400379,0.206383048028,0.321622763714,0.780065932331
5,0.302078913798,0.116472791254,0.251860129939,0.329588165008,0.771157447575
5,0.267654202587,0.0968363360306,0.297655901012,0.337853560371,0.748185010297
5,0.236481378928,0.0787767609845,0.339312935196,0.345428924892,0.784060685721
5,0.211147394346,0.0631410758008,0.373737821621,0.351973708233,0.770135208468
5,0.191243642385,0.0500548233462,0.401271959722,0.357429574547,0.646048387717
5,0.176442820045,0.0398500879698,0.422038675733,0.361668416252,0.654606044783
5,0.164789843616,0.0315206761228,0.438571277184,0.365118203078,0.539315412297
5,0.155431049732,0.0246100730281,0.451985837727,0.367973039513,0.579362501921
5,0.148601704353,0.0194105414269,0.461871765306,0.370115988914,0.642702651157
5,0.143542547912,0.0154463084037,0.469264823211,0.371746320474,0.580381264496
5,0.139702476528,0.0123504006128,0.474930205994,0.373016916865,0.546158580873
5,0.135558608081,0.00889229626896,0.481116378218,0.374432717432,0.564717786182
6,0.28,0.239,0.29,0.191,0.900261467275
6,0.28,0.239,0.29,0.191,0.890124875449
6,0.279316349151,0.239234351676,0.289097423938,0.192351875236,0.870844587354
6,0.282838737787,0.235820761654,0.295149009489,0.18619149107,0.852426479054
6,0.293641746814,0.225588270453,0.313544899514,0.167225083219,0.898453004233
6,0.301699869578,0.221480569141,0.324309753326,0.152509807955,0.885141346825
6,0.302141024222,0.223766794937,0.323388605354,0.150703575487,0.91372045232
6,0.298844563454,0.226756794756,0.317977874658,0.156420767132,0.903284529574
6,0.29534139483,0.228952002236,0.312680517205,0.163026085729,0.916985838482
6,0.292405403401,0.230599429905,0.308291984637,0.168703182056,0.88646530275
6,0.290019271257,0.231867920536,0.304726381347,0.173386426861,0.896936716506
6,0.288052531488,0.232858721107,0.30178183325,0.177306914155,0.870275511376
6,0.286545651588,0.233565899593,0.299519292967,0.180369155853,0.908032030951
6,0.285383430918,0.234061765446,0.29776793041,0.182786873226,0.887407279202
6,0.284457046008,0.234414942551,0.296366857661,0.18476115378,0.918714433122
6,0.283744163753,0.234674060433,0.295287708998,0.186294066815,0.908109359065
6,0.283166425932,0.234882442408,0.294413208654,0.187537923007,0.889308545704
6,0.282691357008,0.235053648395,0.293694152604,0.188560841993,0.908497472309
6,0.282298933466,0.235195051021,0.293100193271,0.189405822241,0.858767851907
6,0.281983048934,0.235308871752,0.292622081885,0.190085997429,0.873708202653
6,0.281737905636,0.235397202455,0.292251042054,0.190613849855,0.874404376572
6,0.281539242357,0.235468785586,0.291950353232,0.191041618826,0.86859171217
6,0.28131648817,0.235549048477,0.291613201536,0.191521261817,0.87951359949
7,0.243297413559,0.23933298752,0.325615917097,0.191753681824,0.861667108925
7,0.241479188112,0.237485592245,0.331356969173,0.189678250469,0.831625164362
7,0.23157063978,0.22701001821,0.368796611006,0.172622731003,0.826010306294
7,0.224537510971,0.219482323878,0.401968622116,0.154011543035,0.862718641639
7,0.226149137285,0.221271931,0.405510090211,0.147068841504,0.872626868569
7,0.230107878325,0.226178743453,0.393415126969,0.150298251254,0.857547018853
7,0.232643839791,0.229852328042,0.380711557633,0.156792274534,0.863754151933
7,0.234180764991,0.232384947917,0.371790179833,0.161644107259,0.8608479145
7,0.235294958641,0.234440017596,0.364991578914,0.165273444849,0.827581433826
7,0.236477318114,0.237021774869,0.357368671066,0.169132235952,0.813357676099
7,0.237292861227,0.239289461835,0.351616103051,0.171801573887,0.86161313349
7,0.237635211602,0.240590482641,0.348846687464,0.172927618293,0.768354233002
7,0.237864542802,0.241736495807,0.346708579917,0.173690381473,0.836203351808
7,0.238035873954,0.242814776067,0.344874770755,0.174274579224,0.825910033745
7,0.238166646504,0.243700110093,0.343400675746,0.174732567657,0.824369657738
7,0.238272462581,0.244420898079,0.34220211965,0.17510451969,0.872040748147
7,0.238361757571,0.245029480654,0.341190265783,0.175418495993,0.860047548609
7,0.238433571072,0.24551894307,0.340376474928,0.175671010929,0.867849495888
7,0.238490290182,0.245905526301,0.339733733611,0.175870449906,0.853822427334
7,0.238537447414,0.246226937954,0.339199347793,0.176036266839,0.761809341381
7,0.238578589774,0.246507357965,0.338733116197,0.176180936065,0.829536242135
7,0.238629967484,0.246857539649,0.338150897335,0.176361595532,0.84859108913
8,0.357613458945,0.246102091952,0.201134679444,0.195149769659,0.827591122244
8,0.401192856366,0.234092715553,0.185528194522,0.179186233558,0.827996428911
8,0.464274595549,0.222162016149,0.160911610786,0.152651777516,0.748740211679
8,0.468145049212,0.227937746137,0.157843504055,0.146073700596,0.823190707967
8,0.444150057592,0.233947406521,0.167786225936,0.154116309951,0.900899466817
8,0.423215449642,0.236713751738,0.177274700343,0.162796098276,0.844234007945
8,0.394342387058,0.239397939398,0.191368083016,0.174891590528,0.790110147822
8,0.385699936619,0.239935956064,0.196057448126,0.178306659191,0.84200378607
8,0.379293553015,0.240162918234,0.199854200943,0.180689327809,0.841380055452
8,0.374238781477,0.24014530538,0.203216855589,0.182399057554,0.843756446118
8,0.370536916185,0.239915157906,0.20608571116,0.183462214749,0.849052251175
8,0.368029670437,0.239645375621,0.208244977188,0.184079976754,0.838964720445
8,0.366255469466,0.239434280406,0.209812559827,0.184497690302,0.767238538509
8,0.364909139821,0.23927304483,0.211004379221,0.184813436128,0.751006654544
8,0.363872292752,0.239148772388,0.211922467199,0.18505646766,0.742868680141
8,0.363054557073,0.239050751202,0.212646565885,0.185248125841,0.805348531608
8,0.362411936657,0.238973719656,0.21321560407,0.185398739617,0.82871667895
8,0.361987348471,0.238922823791,0.213591575228,0.18549825251,0.809976254247
8,0.361669200686,0.238884686897,0.213873294029,0.185572818387,0.657175212562
8,0.36131497343,0.238842225061,0.214186961461,0.185655840049,0.773893627882
9,0.234,0.239,0.336,0.191,0.75131639212
9,0.234,0.239,0.336,0.191,0.829184178754
9,0.234289484982,0.239190270746,0.334383899175,0.192136345097,0.849094825452
9,0.229099321349,0.234270643234,0.351468456626,0.185161578791,0.886312839071
9,0.211349177893,0.217661629582,0.412659433384,0.158329759141,0.819354565883
9,0.21208776364,0.218918872382,0.422804238566,0.146189125412,0.767539949507
9,0.217949641306,0.224057471135,0.409805229632,0.148187657927,0.782507143052
9,0.222932371354,0.227979187436,0.394507873877,0.154580567333,0.769296615788
9,0.227164088186,0.231124257087,0.381190923089,0.160520731638,0.809287531568
9,0.230483491194,0.233499559541,0.371304812049,0.164712137216,0.836560893981
9,0.233421236957,0.235522363206,0.36319525408,0.167861145757,0.856943310928
9,0.236352402371,0.237465183996,0.355711570274,0.170470843358,0.883553117476
9,0.239120371436,0.239226192325,0.349237638015,0.172415798224,0.854672760239
9,0.241497814558,0.24067736285,0.344171456616,0.173653365976,0.851923897565
9,0.243507197332,0.241861297045,0.340201696574,0.174429809049,0.875478395537
9,0.245273594349,0.242883984724,0.336809752937,0.17503266799,0.830816017444
9,0.246779922504,0.243750119085,0.333940132939,0.175529825471,0.808763330528
9,0.247978221128,0.244438580801,0.331658960461,0.17592423761,0.838567924471
9,0.248974076922,0.24501069134,0.329763305205,0.176251926533,0.787206854934
9,0.249862990543,0.245521361446,0.328071230266,0.176544417745,0.861476398749
9,0.250598099746,0.245943673203,0.326671926261,0.176786300789,0.843915573759
9,0.251138463987,0.246254105826,0.325643326551,0.176964103636,0.891981672271
9,0.251573674271,0.246504128664,0.324814890716,0.177107306349,0.821908594493
9,0.252138230312,0.24682845867,0.323740241637,0.177293069381,0.802441293401
10,0.375903245207,0.239652140778,0.144946381621,0.239498232394,0.808571239819
10,0.411838136168,0.226740917827,0.13592214303,0.225498802974,0.769858987422
10,0.483288781456,0.206357769112,0.108626576925,0.201726872508,0.818915850893
10,0.497655467175,0.209223246945,0.093678249184,0.199443036696,0.780184698075
10,0.474225709115,0.22118884049,0.09732952859,0.207255921805,0.800268132748
10,0.427910692732,0.232625875783,0.127896343262,0.211567088223,0.796428346251
10,0.411174966044,0.235865043461,0.142266496339,0.210693494156,0.847465929962
10,0.397342912535,0.238529116069,0.155420906633,0.208707064763,0.86864165056
10,0.386288289583,0.240688659992,0.167135952197,0.205887098229,0.867635764222
10,0.377539490895,0.242433130453,0.177538129556,0.202489249096,0.870903724913
10,0.370649686936,0.243830604156,0.186725508358,0.198794200549,0.846465482112
10,0.365183968488,0.244901691831,0.194597993032,0.19531634665,0.83378893166
10,0.360962023594,0.245675826729,0.200828196755,0.192533952922,0.848907431696
10,0.357786042656,0.246246584678,0.205524643106,0.190442729561,0.85730476836
10,0.355318739541,0.246688789917,0.209174132796,0.188818337746,0.843041345852
10,0.353404039139,0.247031835468,0.212006344465,0.187557780928,0.888140843765
10,0.352042323892,0.24727579537,0.21402059355,0.186661287188,0.886689981319
10,0.351057581221,0.247452217571,0.215477225746,0.186012975462,0.88158461343
10,0.350312655428,0.247585675275,0.216579120452,0.185522548845,0.846925768102
10,0.349479707058,0.247734902633,0.217811217801,0.184974172507,0.773236978449
11,0.289,0.229,0.303,0.179,0.889723217058
11,0.289,0.229,0.303,0.179,0.858032668394
11,0.288191422939,0.229414743594,0.301914266064,0.180479567403,0.88440746603
11,0.291302118575,0.225379585903,0.307938680185,0.175379615336,0.883212463077
11,0.302504766344,0.211917448988,0.328672671631,0.156905113036,0.877633516522
11,0.312926182471,0.203618406527,0.343646839242,0.13980857176,0.888524318121
11,0.316070692939,0.204734647327,0.345489595075,0.133705064659,0.885992646142
11,0.313287776197,0.21003283526,0.339409469365,0.137269919178,0.887544843057
11,0.308720986903,0.214701518109,0.331640386178,0.14493710881,0.843439344256
11,0.304942058798,0.218178504548,0.325294888521,0.151584548132,0.86426100645
11,0.302124122437,0.220804753829,0.320468576493,0.156602547242,0.88029914523
11,0.299832076822,0.22302764339,0.31642855044,0.160711729349,0.852289035022
11,0.297985690688,0.224915649394,0.313053846995,0.164044812923,0.856507821513
11,0.296561315826,0.226464166394,0.310337318918,0.166637198862,0.882021108833
11,0.295407350904,0.227807930854,0.308027864159,0.168756854083,0.840355812535
11,0.294436663685,0.229013263558,0.305999037249,0.170551035508,0.815835399929
11,0.29364643883,0.23000747535,0.304340425428,0.172005660392,0.806163521546
11,0.293044042327,0.230766082701,0.303076220471,0.173113654501,0.821028382705
11,0.292577177684,0.23135405798,0.302096470572,0.173972293764,0.73121720758
11,0.292184157312,0.231849038687,0.301271692394,0.174695111606,0.861008617121
11,0.291842634303,0.232279163658,0.300554985167,0.175323216872,0.868080278591
11,0.291548752491,0.232649287861,0.299938255975,0.175863703672,0.769114338794
11,0.291299153997,0.232963640737,0.299414456008,0.176322749258,0.847889895019
11,0.291003629656,0.233335833685,0.298794278477,0.176866258181,0.832423172007
12,0.291291291291,0.234234234234,0.303303303303,0.171171171171,0.790424808492
12,0.291811958087,0.233053019232,0.304595767847,0.170539254834,0.828894605826
12,0.296756696822,0.226249330621,0.314310809909,0.162683162648,0.890449715822
12,0.311027713493,0.210749451969,0.339470896063,0.138751938474,0.878997121619
12,0.322569996144,0.203407916094,0.354895849495,0.119126238267,0.870051422889
12,0.322341673671,0.210307399515,0.351379856153,0.115971070661,0.887075366198
12,0.30893721846,0.221508115011,0.331720151417,0.137834515111,0.875241763888
12,0.303537530842,0.224636645287,0.324461367384,0.147364456488,0.86863996787
12,0.299706799056,0.22671727326,0.319478671803,0.154097255881,0.859565955783
12,0.296553113612,0.228330435285,0.315534595303,0.1595818558,0.81557176789
12,0.293878591837,0.229605442411,0.312345084708,0.164170881044,0.785057635064
12,0.291756472181,0.230527877561,0.309964875322,0.167750774936,0.783436619427
12,0.290077030981,0.23118257489,0.308203397995,0.170536996135,0.815610860054
12,0.288590356767,0.231721549645,0.306684339695,0.173003753894,0.862368656558
12,0.287359862489,0.232155231711,0.305432204455,0.175052701345,0.822139928237
12,0.286568734886,0.232432650962,0.304627108612,0.17637150554,0.826549202466
12,0.286037183063,0.232618947236,0.304086167717,0.177257701984,0.788666534737
12,0.285628326745,0.232762229728,0.303670089287,0.17793935424,0.828021623914
12,0.2853218221,0.232869640776,0.303358169976,0.178450367148,0.876451887655
12,0.285086732218,0.232952025054,0.303118926901,0.178842315827,0.864885376977
12,0.28490167493,0.233016876035,0.302930600586,0.179150848449,0.775491725291
12,0.284694368249,0.233089523579,0.302719631988,0.179496476184,0.860170669479
13,0.296703296703,0.226773226773,0.313686313686,0.162837162837,0.881951015415
13,0.296703296703,0.226773226773,0.313686313686,0.162837162837,0.884796037704
13,0.295870043985,0.227160090001,0.312569452111,0.164400413902,0.893688311661
13,0.298138608252,0.2232445776,0.317998364302,0.160618449846,0.852402233363
13,0.308324514906,0.20865852547,0.339855708526,0.143161251097,0.896261917199
13,0.319941205236,0.197112483106,0.359185868558,0.1237604431,0.900760001794
13,0.324938303407,0.19822322784,0.362882395425,0.113956073328,0.881821846927
13,0.322614505697,0.204574461514,0.357006590652,0.115804442137,0.883746158335
13,0.318347496294,0.209422720635,0.349762769838,0.122467013234,0.852972294442
13,0.314115463257,0.213226866313,0.343047297682,0.129610372749,0.840717669045
13,0.310786552444,0.216078388564,0.337888481244,0.135246577747,0.890817227743
13,0.308047555048,0.218432575319,0.333716232224,0.139803637409,0.867252655252
13,0.305807476586,0.22039094714,0.330370931311,0.143430644963,0.872995404898
13,0.304134342402,0.221883407202,0.327931837119,0.146050413277,0.876067350494
13,0.302725344227,0.223168559952,0.325935937665,0.148170158156,0.868800705343
13,0.30153797114,0.224271145973,0.324298781146,0.149892101741,0.860350811916
13,0.300625663387,0.225120172253,0.323049855149,0.15120430921,0.876836356235
13,0.299909312571,0.22578695152,0.3220695527,0.152234183208,0.876194963357
13,0.299343491962,0.22631363542,0.32129526182,0.153047610798,0.895532786066
13,0.298881219188,0.226743936239,0.320662670006,0.153712174567,0.886005127757
13,0.29848451288,0.227113205289,0.320119801904,0.154282479927,0.749831917866
13,0.298173005343,0.227403167978,0.319693523237,0.154730303442,0.870792051679
13,0.297905086359,0.22765255697,0.319326892803,0.155115463867,0.887218529949
13,0.297564049927,0.227970007056,0.31886020596,0.155605737056,0.867960245692
14,0.252,0,0.222,0.526,0.778863460546
14,0.237356086201,0.0113096792016,0.209625622916,0.541708611682,0.678591551572
14,0.197117203008,0.0154678506821,0.173244601013,0.614170345296,0.75348838061
14,0.1715563221,0.0123892723554,0.147472178925,0.66858222662,0.74265593544
14,0.172313465013,0.0128740091323,0.148982191874,0.66583033398,0.73117030554
14,0.167527450507,0.0909359928245,0.162567028847,0.578969527821,0.766752247015
14,0.152627657901,0.158230448181,0.157896884419,0.531245009499,0.693865928054
14,0.137705315257,0.215778979439,0.151807716339,0.494707988964,0.612700170405
14,0.122409427851,0.269028406606,0.144744207128,0.463817958415,0.568274376664
14,0.106118581912,0.321955070597,0.136544526179,0.435381821311,0.685868208305
14,0.0893035382012,0.374680736669,0.127454660029,0.408561065101,0.718079794162
14,0.0731761275982,0.424655201933,0.118062669604,0.384106000864,0.760072873893
14,0.0576042594248,0.470622559878,0.109158075446,0.362615105251,0.782961667603
14,0.043728731873,0.50935518088,0.101739094087,0.34517699316,0.836587577495
14,0.0340241507512,0.535318946658,0.0968651439723,0.333791758619,0.773019248901
14,0.0273539894584,0.55266563131,0.0936567826907,0.326323596541,0.749163663211
14,0.0220308338944,0.56622408472,0.0911773280295,0.320567753356,0.787672885334
14,0.0177067233854,0.577020679426,0.0892249144477,0.316047682741,0.778224802425
14,0.0142293313908,0.585532807098,0.0877031958774,0.312534665634,0.850480463323
14,0.0114824606745,0.592122420582,0.0865393051386,0.309855813605,0.751773181117
14,0.00830055353532,0.599569894283,0.0852438493559,0.306885702825,0.778334560331
15,0.458,0.234,0.131,0.177,0.876654266864
15,0.457445206737,0.234028931576,0.131331599697,0.177194261991,0.869507634964
15,0.461945561246,0.230281373736,0.132088282973,0.175684782045,0.874743001199
15,0.522510403381,0.206695416369,0.116013444288,0.154780735962,0.884967076395
15,0.590455250091,0.186767338552,0.0933015977445,0.129475813612,0.885325852294
15,0.599042646001,0.196169784145,0.0805680957824,0.124219474072,0.880279959167
15,0.57932527801,0.209326796144,0.0785327401646,0.132815185681,0.769249652476
15,0.553507309356,0.217614332137,0.0850256855283,0.143852672978,0.820496809364
15,0.530129200234,0.223007929774,0.0940792053555,0.152783664637,0.784128875758
15,0.511957510979,0.22687527572,0.101739215138,0.159427998163,0.816229891596
15,0.49819983184,0.229857299613,0.107489089915,0.164453778633,0.876937937957
15,0.486962013559,0.232404783659,0.112024003951,0.168609198831,0.883023228235
15,0.477571469437,0.234651425165,0.115636687159,0.172140418239,0.848344366697
15,0.470107393969,0.236501102573,0.118404948255,0.174986555202,0.810504239523
15,0.464363658979,0.237931216906,0.12051740403,0.177187720085,0.830389453436
15,0.45988249346,0.239046727242,0.122164144487,0.178906634812,0.802933386813
15,0.456198865056,0.23996362311,0.123517668789,0.180319843045,0.790193129763
15,0.453335858572,0.24067624459,0.124569648314,0.181418248524,0.832652167571
15,0.451210230226,0.241205327625,0.125350684578,0.182233757571,0.832766363155
15,0.448929430293,0.241773034091,0.126188736643,0.183108798973,0.777287291979
16,0.444444444444,0.238238238238,0.14014014014,0.177177177177,0.69720947505
16,0.465871357911,0.227282023259,0.136704822453,0.170141796378,0.493666666667
16,0.578218117395,0.1859724255,0.104041358658,0.131768098447,0.702544787509
16,0.61426145262,0.189630070963,0.0814876495223,0.114620826895,0.821686024058
16,0.598845367615,0.205106871325,0.076543348697,0.119504412363,0.559
16,0.549338357253,0.220857807591,0.0884520409438,0.141351794213,0.683050962554
16,0.527496827877,0.224718017512,0.0975754679754,0.150209686635,0.770723913329
16,0.510830466714,0.227309629213,0.104954221894,0.156905682179,0.546222222222
16,0.497529636633,0.229275387662,0.110807333514,0.162387642192,0.559333333333
16,0.488039497832,0.230635940752,0.114825798597,0.166498762819,0.758960179111
16,0.481204699087,0.23158050252,0.117544177678,0.169670620716,0.770249128345
16,0.476310418423,0.23222159857,0.119311374675,0.172156608332,0.719479564447
16,0.47270205208,0.232675146928,0.12051477052,0.174108030472,0.529777777778
16,0.469965976197,0.23301448128,0.121406572512,0.175612970011,0.57653489196
16,0.468060418188,0.233250312838,0.122027031463,0.17666223751,0.516833333333
16,0.466642407701,0.233425736971,0.122488677128,0.1774431782,0.525666666667
16,0.465511003206,0.233565693094,0.122857004666,0.178066299033,0.64034540469
16,0.464652128337,0.233671935159,0.123136608546,0.178539327958,0.647414864815
16,0.463992365086,0.233753547015,0.123351392158,0.178902695741,0.595666666667
16,0.463495935734,0.233814954626,0.123513003084,0.179176106556,0.746744760111
16,0.462978158886,0.233879002563,0.123681562469,0.179461276082,0.523333333333
17,0.454454454454,0.234234234234,0.124124124124,0.187187187187,0.828903879003
17,0.454454454454,0.234234234234,0.124124124124,0.187187187187,0.822242065187
17,0.450980237264,0.234421516891,0.126366852912,0.188231392932,0.813937954781
17,0.48464781832,0.220108317784,0.119380325042,0.175863538854,0.86150551128
17,0.563479814723,0.19064728741,0.098542635751,0.147330262116,0.864540630443
17,0.597578483265,0.188389733564,0.082325599436,0.131706183735,0.882490932851
17,0.592467493878,0.200199497168,0.0746937814326,0.132639227522,0.75771430936
17,0.575965664913,0.209746503411,0.0752827292317,0.139005102444,0.805204415277
17,0.556886375611,0.216291326036,0.0813822771676,0.145440021185,0.831746900984
17,0.539109789727,0.220808566941,0.0898834638757,0.150198179456,0.823602619323
17,0.52458621642,0.224114931684,0.0980092757527,0.153289576143,0.868765475073
17,0.511513198759,0.22705396388,0.10598706195,0.155445775412,0.830688487184
17,0.500672140452,0.229573282646,0.113102233268,0.156652343633,0.820789435916
17,0.492859023355,0.231482567636,0.118603709957,0.157054699053,0.843038252374
17,0.486585919782,0.233104517636,0.123351091345,0.156958471237,0.648781387274
17,0.481134476908,0.234589462751,0.127793554571,0.15648250577,0.769545292709
17,0.476516737538,0.235828737237,0.131642480091,0.156012045133,0.784533532406
17,0.47293762906,0.236779939127,0.134638460607,0.155643971206,0.831076062438
17,0.470143634063,0.237520514587,0.136979847534,0.155356003816,0.842840481266
17,0.467635226516,0.238184783709,0.139082706558,0.155097283216,0.699693859414
17,0.465576200861,0.238729872308,0.140809067598,0.154884859233,0.638944914357
17,0.463990453938,0.239149631761,0.142138664012,0.154721250289,0.581631858495
17,0.462679431433,0.239496661296,0.143237924237,0.154585983034,0.745247256012
17,0.461086405451,0.239918334093,0.144573640696,0.15442161976,0.787076515255
18,0.463425741559,0.237623127179,0.14552634666,0.153424784603,0.706208051582
18,0.493249486639,0.222271454823,0.138768297325,0.145710761213,0.762410549631
18,0.589404923681,0.184988393074,0.109885193429,0.115721489816,0.692305903148
18,0.631749311619,0.18168481496,0.0902975872682,0.0962682861527,0.775644863036
18,0.62198795689,0.204258749134,0.0822470437569,0.0915062502192,0.780656823148
18,0.583543679007,0.218536745712,0.0925519857489,0.105367589532,0.805410612907
18,0.551021827976,0.224531538656,0.105253024684,0.119193608684,0.835376401338
18,0.527481515872,0.227775234844,0.115186085221,0.129557164063,0.819850519925
18,0.511137033895,0.229763055147,0.122156463689,0.136943447269,0.847958641027
18,0.498660651909,0.231145418329,0.127421889876,0.142772039886,0.773760495051
18,0.489658208616,0.232034376556,0.131146806232,0.147160608596,0.751273856815
18,0.482892921142,0.232600637721,0.133874462818,0.150631978319,0.879863223022
18,0.477863143126,0.232958835858,0.135852903937,0.153325117079,0.741276800907
18,0.473911079666,0.233221276812,0.137388103062,0.15547954046,0.779288984502
18,0.471066013497,0.233407815307,0.13849033993,0.157035831266,0.751703503401
18,0.469096294906,0.233536575793,0.139252979377,0.158114149925,0.799396163476
18,0.467496678511,0.233641059678,0.139872225418,0.158990036393,0.83549161288
18,0.466207141066,0.2337252723,0.140371412546,0.159696174089,0.810574224246
18,0.465213775597,0.23379014001,0.14075594605,0.160240138343,0.775569823217
18,0.464496237184,0.23383699546,0.141033705597,0.160633061759,0.770423781947
18,0.463964368516,0.23387172616,0.141239592433,0.160924312891,0.805691538756
18,0.463367680388,0.233910689791,0.141470569857,0.161251059964,0.698424846427
19,0.472,0.234,0.133,0.161,0.591
19,0.472,0.234,0.133,0.161,0.589333333333
19,0.465729803535,0.234284056512,0.136443161493,0.16354297846,0.591
19,0.528007150594,0.208744022026,0.119887901245,0.143360926135,0.586
19,0.602571662756,0.184637688116,0.0961512549402,0.116639394187,0.599
19,0.61747329209,0.192077699341,0.0842805823895,0.106168426179,0.593777777778
19,0.604913580242,0.205144143563,0.0822819430159,0.107660333179,0.573222222222
19,0.575262935835,0.215350170586,0.0914580976236,0.117928795955,0.81537453447
19,0.541585867932,0.222320852308,0.106667432311,0.129425847449,0.587333333333
19,0.520719277467,0.22609331793,0.117210040393,0.13597736421,0.594666666667
19,0.506079583111,0.228723042694,0.124941871978,0.140255502217,0.738788327922
19,0.494225011221,0.230858190168,0.13146377907,0.143453019541,0.849464822791
19,0.484547345024,0.232605163395,0.137015486843,0.145832004737,0.812447097266
19,0.476712331127,0.234006293967,0.141676077803,0.147605297103,0.781580819994
19,0.469001263132,0.235352953555,0.146348773579,0.149297009734,0.804166844109
19,0.462606499017,0.236461875134,0.15023917094,0.15069245491,0.571444444444
19,0.458614861452,0.237153135064,0.15266930219,0.151562701294,0.595333333333
19,0.455627407942,0.237670382262,0.154488282467,0.152213927328,0.5875
19,0.453329396658,0.238068242762,0.155887509985,0.152714850595,0.579666666667
19,0.451417342097,0.238399278516,0.157051739432,0.153131639955,0.518166666667
19,0.449443276954,0.238741050551,0.158253730343,0.153561942153,0.459333333333
20,0.114,0.239,0.534,0.113,0.766537188169
20,0.114,0.239,0.534,0.113,0.793823138356
20,0.112955757128,0.232001149089,0.543022099906,0.112020993878,0.798948023914
20,0.102923781131,0.205606203021,0.589304011555,0.102166004293,0.84827503106
20,0.0808294184846,0.173482774963,0.665445454775,0.0802423517775,0.838469644369
20,0.0649685871237,0.171725044896,0.698773869104,0.0645324988764,0.806126775953
20,0.0556629894925,0.193850548663,0.695063614921,0.0554228469233,0.834697482974
20,0.0550661669442,0.212968009655,0.676685620374,0.0552802030263,0.73933096237
20,0.0629507020461,0.224109667485,0.648980423306,0.0639592071634,0.824210883007
20,0.0731964459324,0.228704691615,0.623130669862,0.0749681925908,0.82104042309
20,0.0818964921075,0.230761515475,0.603040146547,0.0843018458707,0.836034025457
20,0.0896744836024,0.232083710984,0.585514971397,0.0927268340162,0.800342465459
20,0.0962216798963,0.232920829441,0.570902759748,0.0999547309152,0.853957981651
20,0.101222434243,0.233396783236,0.559739780774,0.105641001748,0.830157139463
20,0.104799488788,0.233624829029,0.551709531112,0.109866151071,0.837725944052
20,0.107754518065,0.233749098424,0.545030039781,0.113466343731,0.876352101648
20,0.110270268531,0.233826645604,0.539316756091,0.116586329774,0.841428382093
20,0.111956250505,0.233872087279,0.535481121318,0.118690540898,0.819795358431
20,0.113135274424,0.233902492998,0.532797632717,0.120164599861,0.857071469152
20,0.114059635864,0.233925968548,0.530693500897,0.121320894691,0.874797229782
20,0.11473767217,0.233943083673,0.529150020828,0.122169223329,0.842147414724
20,0.115269735961,0.233956481532,0.52793882085,0.122834961657,0.816007314863
20,0.115697512689,0.233967243357,0.526965019372,0.123370224582,0.828318400565
20,0.116150759248,0.233978642308,0.525933236784,0.12393736166,0.819629175306
21,0.121878121878,0.233766233766,0.525474525475,0.118881118881,0.787933127041
21,0.122524805978,0.233812349345,0.524118503983,0.119544340693,0.869643700282
21,0.121554435561,0.226651673935,0.533025632199,0.118768258305,0.873749736192
21,0.102072983256,0.193740714484,0.604403804669,0.0997824975916,0.841174290139
21,0.0819699651685,0.178322125138,0.659686257893,0.0800216518004,0.86507279664
21,0.0710725296804,0.190366425623,0.669496845848,0.0690641988483,0.879955790909
21,0.0685151996743,0.204829329877,0.660544870697,0.0661105997511,0.863329459837
21,0.0720282961487,0.214627794033,0.644150957448,0.0691929523697,0.860681079715
21,0.0786261509391,0.220434139361,0.625323419555,0.0756162901446,0.86104301474
21,0.0849680262805,0.223911922833,0.609098074365,0.0820219765214,0.863391192976
21,0.0908581607877,0.22662952648,0.594419121905,0.0880931908275,0.889044080116
21,0.0958417822817,0.228885068589,0.581960513314,0.0933126358154,0.848855410059
21,0.0995236568927,0.230659371504,0.57258696875,0.097230002853,0.883754458662
21,0.102265619638,0.232104549782,0.565446516816,0.100183313764,0.863283066358
21,0.104452270631,0.233361251498,0.559620128672,0.102566349199,0.867097459405
21,0.106273898209,0.234435476932,0.55473368574,0.104556939118,0.857434810295
21,0.107736784449,0.235299620018,0.550808020664,0.106155574868,0.8417152041
21,0.108940587847,0.236010833296,0.547577490222,0.107471088635,0.873624297691
21,0.109897944535,0.236576453948,0.545008314087,0.10851728743,0.869288385914
21,0.110628367017,0.237007997372,0.543048144189,0.109315491422,0.864857420913
21,0.111248005298,0.237374087638,0.541385277047,0.109992630018,0.85765570944
21,0.111751927558,0.237671810312,0.540032947763,0.110543314367,0.855358897707
21,0.112353179354,0.238027037002,0.538419423727,0.111200359917,0.87327706135
22,0.418,0.239,0.132,0.211,0.780297918443
22,0.418,0.239,0.132,0.211,0.840547919687
22,0.43083845738,0.232499212433,0.131056832308,0.205605497879,0.852502294184
22,0.500477291396,0.205968609375,0.113198823327,0.180355275903,0.835761496942
22,0.563037420736,0.18728344579,0.0900015417452,0.159677591729,0.893375862191
22,0.570186799582,0.191305630009,0.0756008216042,0.162906748806,0.856857190432
22,0.543464160031,0.203703907791,0.0723929500185,0.18043898216,0.905059938231
22,0.486553956132,0.213054579745,0.0931909958192,0.207200468304,0.865091788106
22,0.469458511191,0.213196130386,0.102400797148,0.214944561275,0.83286646967
22,0.45514090701,0.212224346101,0.110318529994,0.222316216896,0.7981265514
22,0.444499744952,0.210294245988,0.116211058988,0.228994950072,0.859244852217
22,0.437031849916,0.207914095784,0.120302571853,0.234751482447,0.869891364702
22,0.432005642182,0.20567428361,0.123001539177,0.239318535032,0.602
22,0.427864647512,0.203688506802,0.125169036716,0.243277808971,0.559333333333
22,0.424690000193,0.202166016888,0.12682281117,0.246321171748,0.596
22,0.422509684083,0.201120387618,0.127958195458,0.248411732842,0.926503817479
22,0.420937531099,0.200366419342,0.128776860996,0.249919188564,0.875481761835
22,0.419828426196,0.199834518001,0.129354402966,0.250982652837,0.629777777778
22,0.418976900863,0.199426146084,0.129797814728,0.251799138324,0.624
22,0.418348049007,0.199124563341,0.130125273727,0.252402113926,0.581333333333
22,0.417682205972,0.198805240365,0.130471996517,0.253040557145,0.535333333333
23,0.405,0.239,0.197,0.159,0.769281818018
23,0.405,0.239,0.197,0.159,0.788412338256
23,0.401561337411,0.239161675999,0.198177036044,0.161099950546,0.817799026549
23,0.421673696789,0.231728735443,0.191291300428,0.155306267339,0.77049422194
23,0.513591728892,0.200404951077,0.159807034207,0.126196285823,0.861257379096
23,0.538285067241,0.198198765729,0.151482155059,0.112034011971,0.851509935104
23,0.532988367669,0.204756261969,0.156367538707,0.105887831655,0.874124559374
23,0.511708407382,0.210394292772,0.167370019658,0.110527280188,0.688457547806
23,0.489691618804,0.212848030598,0.17797370167,0.119486648928,0.808002648378
23,0.472841118383,0.213307277395,0.186649353988,0.127202250234,0.860692360935
23,0.460891997671,0.212791485733,0.193599618084,0.132716898511,0.828962538004
23,0.443878273356,0.20937953574,0.206251670057,0.140490520847,0.833825152952
23,0.438457276005,0.206855734121,0.211778756762,0.142908233113,0.839352553749
23,0.434858071572,0.20492417623,0.215751150657,0.144466601542,0.862376989582
23,0.432181021048,0.20348252995,0.218717436301,0.145619012701,0.84434450343
23,0.430078331684,0.202350218443,0.221047602485,0.146523847389,0.828087218506
23,0.428350286931,0.20141965804,0.222962617916,0.147267437113,0.858490877989
23,0.42583966467,0.200067676423,0.225744887337,0.14834777157,0.828923538338
23,0.424721742985,0.199465670033,0.226983767333,0.148828819649,0.84894714166
24,0.4004004004,0.198198198198,0.207207207207,0.194194194194,0.855454920814
24,0.397945156545,0.199051176588,0.207891499128,0.195112167738,0.860083580089
24,0.538030838968,0.15433752999,0.160556742521,0.147074888521,0.72861713625
24,0.525438063574,0.161657648067,0.163940907682,0.148963380677,0.697418360323
24,0.494097595409,0.175088677025,0.171805185293,0.159008542272,0.789059980946
24,0.471475433703,0.185820767373,0.176461287951,0.166242510974,0.797490602256
24,0.455977302025,0.194612669467,0.17856083002,0.170849198488,0.742899944
24,0.444825216504,0.202314315815,0.179040061214,0.173820406468,0.651800876729
24,0.437915415057,0.20871994557,0.178115076012,0.175249563361,0.710113029147
24,0.432876273894,0.214118922402,0.17691612419,0.176088679515,0.817903598605
24,0.429393235849,0.217896371689,0.176060954341,0.176649438121,0.794906101779
24,0.427006060178,0.220485585505,0.175474786184,0.177033568133,0.604970708829
24,0.42530147638,0.222334446989,0.175056224902,0.177307851729,0.828568661988
24,0.42356401745,0.22421896446,0.174629592651,0.177587425439,0.878473116084
25,0.514300752069,0.165288126533,0.135874690394,0.184536431005,0.787123760927
25,0.584795887512,0.142501022254,0.104741831295,0.167961258939,0.6502565639
25,0.492035655849,0.17928372748,0.126718333113,0.201962283558,0.5765
25,0.458495283517,0.191555726804,0.139607459157,0.210341530522,0.536166666667
25,0.431518585964,0.202079905504,0.149314918575,0.217086589957,0.616315288986
25,0.413368223926,0.20978833756,0.155154646671,0.221688791843,0.5595
25,0.401924198748,0.215092769524,0.158355014258,0.22462801747,0.573978617363
25,0.39386999344,0.218932965167,0.160508176316,0.226688865077,0.59592132694
25,0.388308930908,0.221591876551,0.161989078168,0.228110114373,0.656574656798
25,0.384103788571,0.223602843756,0.163108666548,0.229184701126,0.814959671787
25,0.381321657744,0.224933307714,0.163849389136,0.229895645406,0.804684475098
26,0.158,0.227,0.477,0.138,0.812090768221
26,0.151914374009,0.21482807018,0.499253075474,0.134004480337,0.87691585673
26,0.120282394785,0.174325813,0.599708782349,0.105683009865,0.849034581946
26,0.0972536180951,0.161586782124,0.658794393143,0.0823652066375,0.890335946419
26,0.112572520316,0.193417481743,0.613168294089,0.0808417038508,0.835464353344
26,0.130136596932,0.200310885003,0.574858675509,0.0946938425557,0.861208645447
26,0.142797721124,0.203199855136,0.547953722305,0.106048701435,0.818671848623
26,0.151918619012,0.20435308549,0.529657902009,0.114070393489,0.849184853855
26,0.160317775593,0.204583400943,0.514196324287,0.120902499177,0.890118560667
26,0.167655905318,0.203984123827,0.502149060731,0.126210910124,0.883367891123
26,0.173261806668,0.202935019564,0.494058041578,0.129745132189,0.87080573833
26,0.182238369576,0.200716415934,0.482297442711,0.13474777178,0.724318895246
26,0.184987270409,0.20002110057,0.478754241598,0.136237387423,0.859565044702
26,0.186984125081,0.199515900377,0.476180948237,0.137319026305,0.886988665758
26,0.188421381623,0.199152260228,0.474328805092,0.138097553057,0.74053145099
26,0.189432215318,0.198896503821,0.473026177702,0.138645103159,0.868829089204
26,0.190182867582,0.198706579848,0.472058833242,0.139051719327,0.734695572651
26,0.190908439738,0.198523001972,0.471123807703,0.139444750588,0.763173384006
27,0.191808191808,0.211788211788,0.323676323676,0.272727272727,0.555583333333
27,0.191822935524,0.211797786518,0.323658217695,0.272721060262,0.566916666667
27,0.191432595384,0.211023222437,0.326132066409,0.271412115771,0.582
27,0.171718391533,0.193439074191,0.36933153189,0.265511002386,0.56275
27,0.151026107476,0.178149976886,0.407875065084,0.262948850554,0.540583333333
27,0.146557621941,0.179977448817,0.410587757242,0.262877172,0.77906268898
27,0.1528676173,0.188675006731,0.400798532469,0.257658843499,0.599166666667
27,0.158834647058,0.195504601179,0.394818862234,0.250841889529,0.608916666667
27,0.162813832366,0.200813781837,0.392300288454,0.244072097343,0.626583333333
27,0.165738545373,0.205788044596,0.392362465182,0.23611094485,0.614805555556
27,0.167469206217,0.210063247189,0.394786119397,0.227681427197,0.586361111111
27,0.168173134998,0.213372527291,0.398586667624,0.219867670087,0.56875
27,0.168293265996,0.2164252381,0.403670606075,0.211610889829,0.578333333333
27,0.168233103629,0.218862015034,0.408123690241,0.204781191095,0.688585845449
27,0.168145880998,0.221909484859,0.413695294621,0.196249339522,0.676226109022
27,0.168115743058,0.222961160991,0.415617608394,0.193305487556,0.6195
27,0.168091077535,0.223821858041,0.417190833795,0.190896230628,0.634333333333
27,0.168072644155,0.224465093108,0.418366571285,0.189095691452,0.593083333333
27,0.168049760934,0.225263550537,0.419826032128,0.1868606564,0.5535
28,0.0866519514131,0.182519219849,0.661942765847,0.0688860628909,0.699134858825
28,0.0775677956808,0.156018212089,0.703169508845,0.063244483386,0.720236022562
28,0.0586498992588,0.122864104122,0.770752197433,0.0477337991867,0.821817149576
28,0.0454585310361,0.113677732136,0.804195919073,0.0366678177546,0.855425879151
28,0.0370663634114,0.125414663965,0.808442858873,0.0290761137505,0.778291494823
28,0.0375888908631,0.170920808286,0.769339997936,0.0221503029152,0.669534940028
28,0.0434854190556,0.177373313917,0.754592846348,0.0245484206801,0.762006130654
28,0.0498262715661,0.181529684355,0.740152764574,0.0284912795049,0.818965802146
28,0.0553818849225,0.184066290408,0.727425244589,0.0331265800805,0.793083575351
28,0.062799417707,0.186569201679,0.709048529011,0.0415828516027,0.663879911323
28,0.0650660810094,0.187238554663,0.702795675892,0.0448996884348,0.734298616777
28,0.0667821018296,0.187716556984,0.697873222186,0.0476281190008,0.784978523897
28,0.0680223198094,0.188044601693,0.694221562765,0.0497115157325,0.793945833346
28,0.0689782096583,0.188287294748,0.691353485196,0.0513810103978,0.651076562598
28,0.0697161197062,0.188468703925,0.689108165683,0.0527070106862,0.851679449878
28,0.0702507588153,0.188597068281,0.687465197436,0.0536869754676,0.74153198355
28,0.0712579517687,0.188831993536,0.68433377559,0.0555762791055,0.727667338928
29,0.085,0.207,0.663,0.045,0.416666666667
29,0.085,0.207,0.663,0.045,0.496
29,0.085,0.207,0.663,0.045,0.58
29,0.0847904971561,0.196217999564,0.670376794731,0.0486147085496,0.581666666667
29,0.0739042965876,0.167822672943,0.71434507778,0.0439279526891,0.621742842663
29,0.0605752437933,0.144790116596,0.758700695058,0.0359339445533,0.585
29,0.0501325634139,0.140695023458,0.779691530445,0.0294808826822,0.578666666667
29,0.0425742208633,0.150376489772,0.782635735928,0.0244135534365,0.692951770455
29,0.0382261205678,0.162829146013,0.77824490073,0.0206998326887,0.7211264664
29,0.0374835529868,0.172401372008,0.771539027678,0.0185760473268,0.601705517043
29,0.0398035282731,0.178518132657,0.76334927557,0.0183290634993,0.632460345406
29,0.0439985707339,0.182015627889,0.753715748225,0.0202700531519,0.669956047673
29,0.048848763398,0.183446208424,0.742967159792,0.0247378683861,0.812339505031
29,0.0543166046472,0.18308652225,0.729377572637,0.0332193004659,0.777087038936
29,0.060055892677,0.179925569434,0.710639597862,0.0493789400272,0.800422241978
29,0.0641463484928,0.176588587191,0.693762589174,0.0655024751423,0.684605451243
29,0.0656090653866,0.175322323577,0.687421783143,0.0716468278934,0.591178855678
29,0.0663539428032,0.174672527101,0.684172004039,0.0748015260568,0.583
30,0.122,0.804,0.074,0,0.592931233661
30,0.117443791425,0.800985936934,0.0742566876151,0.00731358402543,0.526053590627
30,0.103041976576,0.817781342863,0.0673975892994,0.0117790912621,0.670114873914
30,0.0815589113058,0.855262017198,0.0537642867083,0.00941478478808,0.502444444444
30,0.0663032089187,0.880011787323,0.0459703186779,0.0077146850799,0.565666666667
30,0.0597155573118,0.840746615442,0.091331155717,0.00820667152883,0.697350075437
30,0.0677604359117,0.773896500737,0.141596643292,0.01674642006,0.725549524296
30,0.0779701290998,0.689472401822,0.190239979677,0.0423174894016,0.806881493697
30,0.0872169405415,0.59218282998,0.235884172919,0.0847160565601,0.831061094147
30,0.0952600066252,0.471766769336,0.290493492224,0.142479731814,0.75538834635
30,0.0997158384379,0.363767953607,0.342056101055,0.194460106901,0.80697423093
30,0.101395546414,0.288969890972,0.37918114279,0.230453419825,0.899756541272
30,0.102275004776,0.220449684277,0.413690156197,0.263585154751,0.763247100892
30,0.104009954792,0.0947357689838,0.47708775615,0.324166520075,0.76433800483
30,0.104795165451,0.0495549979252,0.499900632838,0.345749203785,0.830759923422
30,0.105039935363,0.0367281334782,0.506382179989,0.35184975117,0.712877596022
31,0.039,0.556,0.088,0.317,0.809180764364
31,0.039,0.556,0.088,0.317,0.644952152979
31,0.039,0.556,0.088,0.317,0.685592569671
31,0.0437118623008,0.565062843202,0.088268255999,0.302957038498,0.751482187546
31,0.0409868073309,0.608735998137,0.0782146644856,0.272062530047,0.620758253965
31,0.0341993353583,0.639367431024,0.0654537428599,0.260979490758,0.722598098071
31,0.0278355537315,0.644124087846,0.0540389736525,0.27400138477,0.5771875083
31,0.0212873389394,0.637727323006,0.0445486606872,0.296436677367,0.787137558248
31,0.0168322239477,0.628765358474,0.0429924178666,0.311409999712,0.799855394786
31,0.0144966142063,0.619673878461,0.0472365117938,0.318592995539,0.702952398285
31,0.012896530086,0.60951195394,0.0540978932226,0.323493622751,0.679613458195
31,0.0119390296921,0.590368274811,0.0684352447236,0.329257450773,0.602544706919
31,0.0124952049637,0.581614826112,0.074717187301,0.331172781623,0.77436806153
31,0.0136922942088,0.573578433279,0.0800817891314,0.332647483381,0.793596173197
31,0.0154698326703,0.566193360437,0.0846606814963,0.333676125397,0.65782367773
31,0.0175769921991,0.559959234459,0.0882428711309,0.334220902211,0.55975
31,0.0197673516583,0.554849903307,0.0909551303243,0.33442761471,0.532916666667
31,0.0220560493478,0.550340161012,0.0931703694657,0.334433420174,0.554305555556
31,0.0243379198569,0.546390420979,0.0949684110832,0.334303248081,0.632828692185
31,0.0265308611555,0.542952758198,0.0964263909235,0.334089989723,0.62852215413
31,0.0285582016937,0.540007274802,0.0975986169011,0.333835906603,0.608230861596
31,0.0311877909195,0.536430897749,0.0989345320439,0.333446779288,0.676716694071
32,0.036963036963,0.552447552448,0.0979020979021,0.312687312687,0.878283068464
32,0.0413933592344,0.554351599266,0.0989075894026,0.305347452097,0.865843845539
32,0.0433320888189,0.591557298504,0.0909439157593,0.274166696918,0.85754721955
32,0.033505238114,0.650754593585,0.0704405959995,0.245299572301,0.75710849206
32,0.0262406609342,0.663423827858,0.0559461818903,0.254389329317,0.84781698001
32,0.0206483235571,0.656343244686,0.0459524674583,0.277055964298,0.672748369176
32,0.0106045445606,0.623304293035,0.0485699324215,0.317521229983,0.785991728425
32,0.00947810760195,0.61264397755,0.0560394324363,0.321838482411,0.79140231748
32,0.00908475261808,0.602735654383,0.0634785636304,0.324701029369,0.807427095569
32,0.00939159301405,0.593920216023,0.069931956588,0.326756234375,0.782120654848
32,0.0103864181016,0.586510103717,0.074905090151,0.32819838803,0.863551294983
32,0.0119132570257,0.580479209673,0.0784061911088,0.329201342193,0.839750085459
32,0.0141462216671,0.574736132121,0.0812022271755,0.329915419037,0.871393163972
32,0.0171043506079,0.569333281039,0.0833649254133,0.33019744294,0.863850287796
32,0.020061278313,0.565114156236,0.0847509736752,0.330073591776,0.743791028976
32,0.0228529968253,0.56171409225,0.0856785565328,0.329754354392,0.837993799005
32,0.0255373862119,0.55878473648,0.0863484477243,0.329329429584,0.859135209153
32,0.0280721953791,0.556237359163,0.0868381597681,0.32885228569,0.779388194976
32,0.0303732140613,0.554066182018,0.0871904624812,0.32837014144,0.751014026264
32,0.0323042788839,0.552327467749,0.0874316690823,0.327936584285,0.835223119044
32,0.0347128395678,0.550246493874,0.0876752622167,0.327365404341,0.841773716088
33,0,0.395,0.137,0.468,0.686106167804
33,0.000508518065006,0.394670928815,0.13733685828,0.46748369484,0.590884137671
33,0.0105570527338,0.381573888071,0.132233573218,0.475635485977,0.567826775008
33,0.0125436542123,0.364824438833,0.116946283808,0.505685623147,0.582735196445
33,0.0106145512745,0.356433089528,0.0993511879158,0.533601171282,0.568556208242
33,0.00899269526708,0.356853712917,0.0887705902856,0.54538300153,0.623200294955
33,0.00823025714673,0.350309185507,0.0909614158143,0.550499141532,0.627434568082
33,0.00975806393715,0.335674642878,0.104314760479,0.550252532705,0.562711071685
33,0.0166861897455,0.316263856805,0.120229050918,0.546820902531,0.544311565777
33,0.0347041849215,0.291764923096,0.134414474196,0.539116417786,0.570858953603
33,0.0637119763759,0.263011434381,0.145894536611,0.527382052633,0.506347829268
33,0.10242034512,0.226112743362,0.157875474866,0.513591436652,0.578526278389
33,0.138408540579,0.190909205849,0.168223477151,0.50245877642,0.669256901392
33,0.165901456276,0.163592869347,0.175795925811,0.494709748566,0.670260544449
33,0.192423721393,0.137091111158,0.182885448141,0.487599719308,0.72045263118
33,0.215372422582,0.113737887527,0.189097600166,0.481792089726,0.703564218006
33,0.234333250814,0.0940379525465,0.194334215889,0.47729458075,0.657673843449
33,0.250206857951,0.077313952286,0.198767145896,0.473712043867,0.710686434926
33,0.262969811592,0.0637348127103,0.202357685951,0.470937689747,0.678882411919
33,0.272945445114,0.0530365356337,0.20518070324,0.468837316013,0.67650102501
33,0.281312765836,0.0440026032231,0.207560416156,0.467124214785,0.660811475354
33,0.288296688749,0.036413532831,0.209556216911,0.465733561508,0.652209809841
33,0.296762997554,0.0271461791172,0.211988830361,0.464101992968,0.701218873064
34,0.0999049305453,0.786936445323,0.112858109516,0.000300514615629,0.75598840102
34,0.0921483593455,0.792363534745,0.102694857495,0.0127932484145,0.797374025968
34,0.0727345180295,0.835819585959,0.0812358364601,0.0102100595514,0.740464024866
34,0.059768450371,0.863246830697,0.068512614096,0.00847210483623,0.798327807397
34,0.0525912134589,0.87069677896,0.0691323842426,0.00757962333877,0.767048082353
34,0.0901467682442,0.696640993346,0.16449140724,0.0487208311694,0.796226971217
34,0.113190828572,0.589281038886,0.197203601504,0.100324531038,0.869482725502
34,0.129045964683,0.507754726609,0.220413652415,0.142785656292,0.795329786014
34,0.143673955469,0.428508718711,0.24336290679,0.18445441903,0.777333208557
34,0.157224648553,0.351577076422,0.266143939006,0.225054336019,0.830781187969
34,0.16940101562,0.279241016638,0.287895869714,0.263462098029,0.750338948453
34,0.180070354831,0.21513557697,0.307304621473,0.297489446726,0.780598297565
34,0.18855746111,0.164986243306,0.32254679151,0.323909504074,0.66500677945
34,0.194890260963,0.128052011053,0.333812530812,0.343245197173,0.658992865528
34,0.20000434988,0.0983765661709,0.342891636816,0.358727447132,0.576898493365
34,0.204064302462,0.0748954480655,0.35009439011,0.370945859363,0.528606020905
34,0.207109106146,0.057334051946,0.355493773172,0.380063068736,0.502967628235
34,0.20944631756,0.0438878380673,0.359636771989,0.387029072384,0.529121892084
34,0.211256141792,0.0335018403549,0.362843690065,0.392398327788,0.53001834747
34,0.213157569344,0.0226221290123,0.366211430134,0.39800887151,0.500033135152
35,0,0.423,0.249,0.328,0.728076529288
35,0.000198802035118,0.42283283541,0.249028463173,0.327939899382,0.741953817923
35,0.00469781391289,0.423763404049,0.245374588654,0.326164193384,0.812049171374
35,0.0143470947167,0.434742627047,0.227418405396,0.32349187284,0.767260956266
35,0.0121870575544,0.453915752497,0.202076649822,0.331820540126,0.75024675102
35,0.010230063303,0.446805879952,0.191052937531,0.351911119214,0.657094437275
35,0.00882115182332,0.425955566725,0.1962056853,0.369017596152,0.706006939448
35,0.00857491473508,0.401317330767,0.202805000873,0.387302753626,0.737403029031
35,0.0117099873173,0.375412479595,0.206913327632,0.405964205455,0.645796661666
35,0.0232851805476,0.346155864316,0.207674573041,0.422884382095,0.540859742209
35,0.0457185942116,0.313016516825,0.204775826936,0.436489062027,0.438189545313
35,0.0850776246537,0.265805862656,0.197202773132,0.451913739558,0.473458100931
35,0.124137982993,0.220225727443,0.188004833866,0.467631455698,0.527756559476
35,0.151631402243,0.187909071716,0.18074745277,0.479712073271,0.552729453596
35,0.179760295608,0.154956935068,0.172671971903,0.492610797421,0.635171171974
35,0.203884482912,0.126419124241,0.165892151713,0.503804241135,0.676314353877
35,0.222556707536,0.10395903012,0.160797943064,0.51268631928,0.672722749649
35,0.237224634263,0.0861045968273,0.156871499004,0.519799269905,0.659467652887
35,0.249166517145,0.0714495297228,0.153716732418,0.525667220714,0.67615464535
35,0.258991892659,0.0593124663881,0.151149082035,0.530546558918,0.677825771009
35,0.267028369731,0.0493271762464,0.149069372324,0.534575081698,0.65850544476
35,0.273829023464,0.0408310464892,0.147325811283,0.538014118764,0.645659307682
35,0.282468403189,0.0299676401342,0.145135559887,0.54242839679,0.639891734298
36,0.657,0.309,0.034,0,0.726146116667
36,0.653107495073,0.300849390772,0.0390102810257,0.00703283312878,0.768452601123
36,0.670140324415,0.274879274083,0.0412580132228,0.0137223882786,0.761713891009
36,0.718002920718,0.237774548309,0.0329183146773,0.0113042162953,0.756718708482
36,0.716687888478,0.248764755818,0.0255629532444,0.00898440246006,0.798803145443
36,0.684137302317,0.288082629977,0.020146701886,0.00763336582,0.79963055539
36,0.648693002394,0.326384440491,0.0163264496463,0.00859610746841,0.817917410071
36,0.604992715361,0.363183005523,0.0135565133428,0.0182677657737,0.797616413743
36,0.551389815414,0.389553515495,0.0121670378214,0.0468896312703,0.816675253473
36,0.49174111513,0.40724675784,0.0123527863059,0.0886593407238,0.887603604496
36,0.425251250845,0.422574183305,0.0148734597075,0.137301106143,0.871468045771
36,0.359841946705,0.436451207592,0.0203911074454,0.183315738258,0.893849778099
36,0.298014580688,0.448710547462,0.0285098680341,0.224765003817,0.853627980749
36,0.239981866503,0.459438398995,0.038087379657,0.262492354845,0.86947325078
36,0.187630150494,0.468489124082,0.0480049471142,0.29587577831,0.899255894039
36,0.14457775982,0.47564914135,0.0571217404174,0.322651358413,0.87082273826
36,0.111309197177,0.481118405153,0.0647244346463,0.342847963023,0.754938423375
36,0.0849132233362,0.485464953841,0.0709809084987,0.358640914324,0.686732705528
36,0.0647860826711,0.488815937168,0.0758242350925,0.370573745068,0.756333736356
36,0.0504057133825,0.491248024879,0.0792983053179,0.379047956421,0.866704567456
36,0.0389320332133,0.493223328752,0.0820664488665,0.385778189168,0.847013210915
36,0.0300499671177,0.494782541211,0.0842004086509,0.39096708302,0.906012233116
36,0.0202053783531,0.496553486346,0.0865490026053,0.396692132695,0.891121817422
37,0.015,0.209,0.382,0.394,0.782512401313
37,0.015,0.209,0.382,0.394,0.723648675665
37,0.0203397785833,0.209856912973,0.379030727583,0.39077258086,0.739844077941
37,0.0260530025746,0.193027241393,0.3821006023,0.398819153732,0.864449244278
37,0.0209683474496,0.162018596181,0.396073562522,0.420939493848,0.772701185911
37,0.0169467238932,0.149677885879,0.40484212642,0.428533263807,0.780986779925
37,0.0134360615554,0.15748680099,0.403770348996,0.425306788458,0.811316235929
37,0.0106910858527,0.168570636153,0.400467149949,0.420271128046,0.738160568398
37,0.00884522592913,0.176579696844,0.397955062407,0.416620014821,0.690606030523
37,0.00741949911636,0.182893456507,0.395937073306,0.413749971071,0.697153218649
37,0.00618771180261,0.188457664302,0.39412280121,0.411231822686,0.709214537694
37,0.00524549586328,0.192835835013,0.392658235965,0.409260433159,0.560297270252
37,0.00452645192317,0.196307540746,0.391461251549,0.407704755782,0.482103503291
37,0.00393403990878,0.199328167603,0.390380430736,0.406357361752,0.525912491338
37,0.00347876189778,0.201863393604,0.389429680447,0.405228164051,0.596380420036
37,0.00317896455898,0.203797427585,0.388674566943,0.404349040912,0.663924208348
37,0.00299924422042,0.205281413734,0.38807024476,0.403649097285,0.622321270287
37,0.0029085643421,0.20648726894,0.387552320008,0.40305184671,0.630774775428
37,0.00289876830168,0.20740563731,0.387129118725,0.402566475664,0.571077290722
37,0.00294876148297,0.208088845547,0.38678649179,0.40217590118,0.602746290873
37,0.00305024276799,0.208649454914,0.386476013911,0.401824288406,0.598395989741
37,0.0032107483433,0.209125819292,0.386176155883,0.401487276481,0.583133463114
37,0.00356208567583,0.209683211292,0.385745950703,0.401008752328,0.599692834256
38,0.014,0.209,0.382,0.395,0.756413699126
38,0.014,0.209,0.382,0.395,0.716099155522
38,0.0213131984603,0.204407983099,0.379998734448,0.394280083992,0.68970893266
38,0.0268012818428,0.180372003295,0.385355294127,0.407471420736,0.666543926556
38,0.0203648665523,0.148759450014,0.401205696025,0.429669987409,0.708226176271
38,0.0149635511768,0.142749388296,0.408184348638,0.434102711889,0.700777472497
38,0.011190562835,0.155742614224,0.40519206076,0.427874762181,0.688922762432
38,0.00853483290197,0.169310168866,0.400932207571,0.421222790661,0.695348699203
38,0.00638203210393,0.181065376167,0.397120116709,0.415432475019,0.568304431559
38,0.00493786063406,0.189200889854,0.394455677115,0.411405572396,0.489852076171
38,0.00398414963227,0.194786766124,0.392608029633,0.408621054611,0.463997879141
38,0.00324498965901,0.199380906803,0.391066942434,0.406307161104,0.494760555154
38,0.00277516248742,0.202675755978,0.389933078311,0.404616003224,0.56509472066
38,0.00251240434898,0.204928583152,0.389130046419,0.403428966081,0.650262883008
38,0.00238375308606,0.206590625703,0.388506655857,0.402518965354,0.619929226129
38,0.00236885283328,0.207908819807,0.387970869508,0.401751457851,0.66080523257
38,0.00246705811315,0.208896281977,0.387517592191,0.401119067719,0.674206091286
38,0.0026470863477,0.209544253276,0.387165281573,0.400643378803,0.59099696587
38,0.00289527042664,0.209983604343,0.386866530639,0.400254594591,0.568185923491
38,0.00321905928992,0.210287838583,0.386587532923,0.399905569204,0.577894962611
38,0.00410338946746,0.210595327928,0.386041096315,0.399260186289,0.594613503872
39,0.135,0,0.027,0.838,0.514100550757
39,0.135,0,0.027,0.838,0.513569333735
39,0.132602996802,0.00213967521428,0.0281867274216,0.837070600562,0.614823450916
39,0.113703392013,0.0095901819572,0.0301458851405,0.846560540889,0.545912971336
39,0.0897202015755,0.0080503238297,0.0234754052077,0.878754069387,0.52950833072
39,0.0788607997222,0.0109811583994,0.0192323958488,0.89092564603,0.479428284477
39,0.079384756004,0.0391839220082,0.0159780674769,0.865453254511,0.604994569044
39,0.088573432485,0.107112639261,0.0146521896602,0.789661738594,0.667630004285
39,0.0977578563016,0.173675943606,0.0172655525767,0.711300647516,0.702728821379
39,0.104239627571,0.231599419957,0.0249549452004,0.639206007271,0.703569527661
39,0.10891866549,0.290314212434,0.0383797283488,0.562387393726,0.642881015058
39,0.112528409459,0.366967814166,0.0606572508776,0.459846525498,0.764689009694
39,0.114053199887,0.437753683756,0.0817789987231,0.366414117634,0.779657959797
39,0.114557622081,0.489021483479,0.0970273341674,0.299393560273,0.845339720815
39,0.114977378411,0.53352884066,0.11066387874,0.240829902189,0.887044748672
39,0.115335317075,0.565018513163,0.12043519646,0.199210973302,0.786099854013
39,0.11566085976,0.59082524593,0.128454059994,0.165059834316,0.688652816375
39,0.115964824258,0.613128523778,0.13537845689,0.135528195073,0.71453716007
39,0.116205750496,0.629798701092,0.140547904367,0.113447644044,0.68813010073
39,0.116413595365,0.643472411415,0.144783082841,0.0953309103804,0.77354231807
39,0.116607297561,0.655748273696,0.148581706706,0.0790627220371,0.748976110595
39,0.11685763214,0.670928100707,0.153273419484,0.0589408476685,0.788821551926
40,0.092,0.814,0.084,0.01,0.620665736045
40,0.0897941121013,0.807228723231,0.0829716285673,0.0200055361006,0.562229439632
40,0.0686380831526,0.851850148979,0.0634797268036,0.0160320410646,0.606152499948
40,0.0529659564849,0.885831961011,0.0489051427376,0.0122969397668,0.710332855139
40,0.036858601457,0.922561289899,0.0330699984387,0.00751011020565,0.719827999978
40,0.0528547961362,0.900424325907,0.0436559489681,0.00306492898842,0.761997128959
40,0.0704482653216,0.865914296635,0.061743071031,0.00189436701198,0.689721217053
40,0.0738079067603,0.858812415123,0.0656431528889,0.00173652522731,0.681380068913
40,0.0763003399481,0.853417061745,0.0686262545561,0.00165634375076,0.705297418159
40,0.0780785921129,0.849513960495,0.0707687646933,0.0016386826987,0.671310020427
40,0.0793589815891,0.846661839073,0.0723163533704,0.00166282596741,0.699619079436
40,0.0803782050118,0.844344746218,0.0735513281828,0.001725720587,0.621249659241
40,0.0819528845342,0.840577713777,0.0754661060572,0.00200329563199,0.581406389977
40,0.0824261406151,0.839339176324,0.076044472319,0.00219021074158,0.742613617708
40,0.0830285158997,0.83753206016,0.07678622197,0.00265320196995,0.666975666968
41,0.0810810810811,0.830830830831,0.0800800800801,0.00800800800801,0.726537441455
41,0.0790669037172,0.82937635758,0.0781643502628,0.0133923884397,0.768080508166
41,0.056046092301,0.876627183915,0.0554220550229,0.0119046687608,0.694766221056
41,0.0363094013254,0.921835322092,0.0353104981504,0.0065447784327,0.730054641578
41,0.0366592659147,0.922983107307,0.034975294643,0.00538233213535,0.648849117057
41,0.0460959751324,0.907608446251,0.0425642420684,0.00373133654789,0.693204610728
41,0.0528001333205,0.895608146616,0.0484604979446,0.00313122211846,0.546666666667
41,0.0585422024035,0.885126839627,0.0536211333021,0.00270982466711,0.545777777778
41,0.063550130948,0.875911860984,0.0581465520224,0.00239145604519,0.542222222222
41,0.0682710101089,0.867209247466,0.0623858073354,0.00213393508964,0.544
41,0.0722679219627,0.859831814531,0.0659451900365,0.00195507346989,0.637947507296
41,0.0757012118624,0.853460848786,0.0689932617545,0.0018446775968,0.719497792259
41,0.0801154082703,0.845157428049,0.0729092858574,0.00181787782368,0.717077220117
41,0.0816513134518,0.842203953125,0.0742720080161,0.00187272540664,0.641190009633
41,0.082956862546,0.839638184704,0.0754304707231,0.00197448202733,0.458333333333
41,0.0844527565385,0.83658797489,0.0767578600241,0.00220140854747,0.391666666667
42,0.0710710710711,0.821821821822,0.0990990990991,0.00800800800801,0.4965
42,0.0721866266009,0.813125346265,0.09599221026,0.0186958168738,0.487666666667
42,0.0545526325217,0.858521337277,0.0724555011575,0.0144705290441,0.505333333333
42,0.0413778695911,0.892364204144,0.0553081626494,0.0109497636155,0.525666666667
42,0.0317413725672,0.916035807207,0.0440181664505,0.00820465377495,0.637824440844
42,0.0240417391666,0.926458578309,0.0447991581898,0.00470052433469,0.684525450577
42,0.0361337195102,0.889871801885,0.0715854392893,0.00240903931549,0.666942636458
42,0.0426784283289,0.87699918017,0.0782946916093,0.00202769989218,0.64060925315
42,0.0583924505051,0.84985960215,0.0902451807618,0.00150276658304,0.665875333906
42,0.0617151732382,0.844436645036,0.0923767251201,0.00147145660555,0.65606245813
42,0.0642221917574,0.840357855212,0.093932855669,0.00148709736176,0.692032573912
42,0.0678055254536,0.834455638416,0.0960938621694,0.00164497396069,0.720601662565
42,0.0699002983613,0.830833080827,0.0973248424827,0.00194177832853,0.679238826016
42,0.0704748455676,0.829764969894,0.0976559729142,0.00210421162444,0.660906235939
42,0.0711612419181,0.828400840652,0.0980455505872,0.00239236684227,0.607033106599
43,0.387,0.506,0,0.107,0.824162663731
43,0.374838235968,0.510280690056,0.00869602140645,0.106185052569,0.851057978107
43,0.347558885887,0.549259484965,0.011702619989,0.0914790091587,0.835335338762
43,0.343626133717,0.571437248496,0.00972008728676,0.0752165304993,0.818871771397
43,0.350251140935,0.578461104897,0.0082088394207,0.0630789147471,0.834213138703
43,0.355427616103,0.584232284732,0.00713506777466,0.0532050313901,0.830642263156
43,0.356039218943,0.589353459383,0.00723761772529,0.0473697039491,0.845693871156
43,0.352664879122,0.593264537136,0.0100581466682,0.0440124370744,0.839819804558
43,0.344398364847,0.593761793916,0.0196450141652,0.0421948270712,0.779531893137
43,0.332405508703,0.589694484881,0.037044519551,0.0408554868649,0.786033971689
43,0.312051109513,0.580319776496,0.0695417453006,0.0380873686903,0.840669952497
43,0.290908823305,0.572209375375,0.102996956907,0.0338848444129,0.790406149555
43,0.275099552025,0.567717214552,0.127171556264,0.0300116771584,0.850496943537
43,0.260142046632,0.563808181439,0.150270098072,0.0257796738562,0.843725203449
43,0.24866215043,0.560919934328,0.168319449217,0.0220984660245,0.838201350503
43,0.240407603126,0.558931111723,0.181441823115,0.0192194620357,0.845230605756
43,0.233404442872,0.557310786698,0.192654462963,0.0166303074673,0.844858006947
43,0.226006244599,0.555677235648,0.204588134867,0.0137283848871,0.828229020726
43,0.220519874359,0.554524063962,0.213503504959,0.0114525567203,0.787283921308
43,0.2169774462,0.553812109716,0.219296674142,0.00991376994169,0.853874540203
43,0.21225794897,0.552910591387,0.227067675588,0.00776378405554,0.819072635274
44,0.134938080952,0.0173103177892,0.245098903074,0.602652698185,0.703214588775
44,0.102733538777,0.0135430326151,0.20075269028,0.682970738329,0.68474051733
44,0.0807576204834,0.0170188424544,0.224561118384,0.677662418679,0.675545595639
44,0.101585426091,0.185141435578,0.229986211841,0.48328692649,0.744483796977
44,0.10950341563,0.268578442198,0.218507186116,0.403410956056,0.784546901616
44,0.114136657501,0.358714992362,0.204558939512,0.322589410625,0.873933718861
44,0.11573345408,0.424333859901,0.193677044989,0.266255641031,0.873417171026
44,0.115955024385,0.504028716718,0.179483155298,0.200533103598,0.85212655983
44,0.115478576587,0.574659844514,0.16668796597,0.143173612929,0.792703573355
44,0.11532689068,0.614101676931,0.159893114161,0.110678318228,0.787156087414
44,0.115282888003,0.642610290681,0.155130267804,0.0869765535117,0.711623603968
44,0.115283537988,0.665358162101,0.151410586611,0.0679477132996,0.753879752813
44,0.115311193411,0.684605497319,0.148324496146,0.0517588131243,0.758696148258
44,0.115354594561,0.699982579453,0.145907056747,0.0387557692394,0.778404490556
44,0.115402898388,0.711447300715,0.14414067773,0.0290091231676,0.773047851627
44,0.11549233392,0.725814553722,0.141992349691,0.0167007626674,0.773745396593
45,0.367,0.377,0,0.256,0.821150707214
45,0.366607473849,0.376571070523,0.00079666533896,0.256024790289,0.83231419169
45,0.362662886438,0.380478894707,0.0129841749057,0.243874043949,0.849922057323
45,0.362448376103,0.412998058813,0.012853921148,0.211699643936,0.849578280786
45,0.36510361178,0.432009449573,0.0107306272024,0.192156311445,0.848343486313
45,0.362996763871,0.440976678961,0.00922703810145,0.186799519067,0.894504048263
45,0.357555158196,0.448837581945,0.00873228212155,0.184874977738,0.87665354094
45,0.350044943094,0.457868195586,0.011208822203,0.180878039116,0.813397593653
45,0.321035384905,0.471831013113,0.0493486071463,0.157784994836,0.854716181141
45,0.305866736463,0.474024752971,0.0753405301327,0.144767980434,0.859386418584
45,0.290268795948,0.476575391196,0.102353358856,0.130802454,0.807838441794
45,0.275298456208,0.479834433871,0.127945282446,0.116921827475,0.868379217469
45,0.256225570695,0.485125809192,0.159774110647,0.0988745094664,0.87204069434
45,0.237878771102,0.490857549709,0.190022758135,0.0812409210538,0.797675427185
45,0.225452498988,0.494985462837,0.210989234304,0.0685728038717,0.814435953247
45,0.215399136349,0.498547535758,0.228232482258,0.0578208456348,0.840007409695
45,0.207843351037,0.501371615708,0.241346753799,0.0494382794553,0.769931193291
45,0.199644987921,0.504533782668,0.255678221241,0.0401430081691,0.819466523702
45,0.192932822404,0.50722025814,0.267513131366,0.0323337880893,0.786073789928
45,0.188720101844,0.508961663609,0.27499852051,0.0273197140364,0.791410490621
45,0.185212893634,0.510444918358,0.281265135417,0.0230770525908,0.802547300437
45,0.180775881335,0.51237251901,0.289246257989,0.0176053416658,0.804943847823
46,0,0.352,0.287,0.361,0.768887163358
46,0.0163044535443,0.344685230935,0.277846353953,0.361163961568,0.772541185814
46,0.0165533221252,0.335045672348,0.251935369901,0.396465635626,0.814609483101
46,0.0131766773193,0.326003918609,0.232568492378,0.428250911693,0.772461887017
46,0.0100285351414,0.313837058723,0.231322527726,0.444811878409,0.693699282204
46,0.00991744491548,0.297031702622,0.234241650231,0.458809202231,0.751538090981
46,0.0695402183971,0.232584452359,0.212701468286,0.485173860958,0.756694091223
46,0.102967350337,0.207795172397,0.200104611807,0.489132865458,0.559714389588
46,0.137454677432,0.181843146996,0.186253339938,0.494448835635,0.633221386123
46,0.172231843902,0.15474009417,0.171232425961,0.501795635967,0.722440966018
46,0.205117286432,0.128487213833,0.156052870752,0.510342628983,0.70023691471
46,0.241336894744,0.0992764183153,0.138383944177,0.521002742764,0.770061348273
46,0.270495028606,0.0751416695843,0.124211364021,0.530151937789,0.700606122397
46,0.313616948389,0.0377315194374,0.103892431477,0.544759100697,0.759219341361
46,0.322299102232,0.0299264668758,0.0999009798906,0.547873451002,0.747208517924
46,0.334006561005,0.0191979800176,0.0945929994545,0.552202459523,0.719216413095
46,0.337935017408,0.0155285982611,0.0928372112907,0.553699173041,0.506138888889
46,0.342476822991,0.0112242057813,0.0908299399837,0.555469031244,0.514416666667
47,0.249,0.556,0.195,0,0.709056835945
47,0.249,0.556,0.195,0,0.675189355256
47,0.24894501673,0.554365748938,0.195264539534,0.00142469479891,0.781508611921
47,0.246676169513,0.550776289004,0.194767516194,0.00778002528889,0.808170529978
47,0.223619207526,0.588117121517,0.176520997149,0.0117426738077,0.820467618015
47,0.200849656657,0.630065049745,0.157725365705,0.0113599278924,0.812993006839
47,0.181514714758,0.666780033843,0.14179431268,0.00991093871906,0.790807466719
47,0.177485433288,0.667585012636,0.145216466739,0.00971308733702,0.694134474881
47,0.178532917437,0.634384947501,0.165766700905,0.0213154341575,0.756408957906
47,0.173078821632,0.601664781667,0.176883557163,0.0483728395375,0.727116058375
47,0.164407982295,0.567514329257,0.184529632998,0.0835480554503,0.828845838881
47,0.150114419643,0.523110508093,0.192271849179,0.134503223086,0.875264637235
47,0.13319696621,0.479377980921,0.199191317528,0.188233735342,0.756549481433
47,0.11877325754,0.446399823891,0.204044219248,0.23078269932,0.772436062149
47,0.10457941259,0.416069331415,0.208224334533,0.271126921463,0.735432985352
47,0.0903405282961,0.386912786543,0.21199260697,0.310754078191,0.705446753033
47,0.0764408957643,0.359619054038,0.215412563212,0.348527486986,0.644579696255
47,0.0645946355976,0.33788914399,0.218298657061,0.379217563351,0.648391575567
47,0.0543559591087,0.319985758069,0.220797098709,0.404861184114,0.571000768036
47,0.0430905023823,0.300964584942,0.223543658945,0.43240125373,0.664242217116
47,0.0343968115912,0.286734391602,0.225661045916,0.45320775089,0.770425848741
47,0.0287342101381,0.277662702094,0.227039197258,0.46656389051,0.747048498921
47,0.0238023876336,0.269913991311,0.228238717615,0.47804490344,0.736289149812
47,0.0164816646997,0.258712865842,0.23001773362,0.494787735838,0.633145633076
48,0.20160331382,0.459492985214,0.0581565292978,0.280747171668,0.838096664147
48,0.158148067227,0.557354481276,0.0435421571699,0.240955294327,0.821753986485
48,0.144298321535,0.579291861296,0.0323561727809,0.244053644388,0.798225853753
48,0.154101726653,0.564670544402,0.0257177591942,0.255509969751,0.785998965153
48,0.206796258932,0.512040635602,0.0134581497985,0.267704955667,0.750688810809
48,0.214649363986,0.505327017018,0.0131140733951,0.266909545601,0.788557861247
48,0.221305413823,0.499853096394,0.0134867794139,0.265354710369,0.748186415761
48,0.228478190198,0.494189042599,0.0150309104712,0.262301856732,0.788062615526
48,0.234532589279,0.489602677877,0.0174692263717,0.258395506472,0.818262874758
48,0.238762853339,0.4864967653,0.0198233879853,0.254916993376,0.870065225725
48,0.245778326513,0.480140804269,0.0262425803844,0.247838288834,0.924385675865
48,0.247828894133,0.477577916731,0.0293138815381,0.245279307598,0.854624251568
48,0.248925578979,0.475985345451,0.0313346011911,0.243754474379,0.897003449334
48,0.249716068606,0.474657520905,0.0330977419441,0.242528668545,0.864056208827
48,0.250311118454,0.47354249005,0.034621809787,0.241524581709,0.824908187694
48,0.250873285777,0.472376267593,0.0362539206919,0.240496525938,0.816639366787
48,0.251268569504,0.471458125715,0.037568759489,0.239704545292,0.8307000572
48,0.251607925066,0.470584390822,0.0388432837307,0.238964400382,0.803050925327
49,0.218,0.468,0.039,0.275,0.793028937631
49,0.218,0.468,0.039,0.275,0.838829265008
49,0.213662483143,0.47448015208,0.0420501021322,0.269807262645,0.810351112147
49,0.193624075778,0.513515863736,0.0444058487861,0.2484542117,0.768000721451
49,0.165984810371,0.569393648822,0.0351206991413,0.229500841666,0.746270182175
49,0.162963380113,0.570573578769,0.0276129172639,0.238850123855,0.780287462443
49,0.173159179117,0.554207177347,0.0221991973827,0.250434446154,0.781508408603
49,0.184010415816,0.538314606711,0.0180534939316,0.25962148354,0.80433722098
49,0.191779798049,0.526502208737,0.0154675086023,0.266250484611,0.817075308246
49,0.197880219626,0.516522668739,0.013873574462,0.271723537173,0.812860424215
49,0.20259026846,0.507903856639,0.0132826202527,0.276223254648,0.7892193262
49,0.206005349851,0.500521962122,0.0137232039703,0.279749484056,0.838857226435
49,0.208404579917,0.493993643932,0.015115304409,0.282486471742,0.847799896705
49,0.210095135495,0.48772358072,0.0174813302662,0.284699953519,0.824235387602
49,0.21117109999,0.481905529989,0.0206452216226,0.286278148398,0.795006990247
49,0.211749023672,0.47710009313,0.0239714610302,0.287179422168,0.799721394745
49,0.212045667049,0.473114132118,0.0271679052387,0.287672295595,0.813578302641
49,0.212190987303,0.469556554826,0.0303074329265,0.287945024944,0.801195394509
49,0.212236899415,0.466507569748,0.0331868564463,0.28806867439,0.826738958493
49,0.212226828246,0.463977323656,0.0356920069921,0.288103841106,0.85069511747
49,0.212190422223,0.461912173788,0.037804324299,0.28809307969,0.841210980025
49,0.212116868381,0.459382463762,0.0404613145515,0.288039353305,0.795956313708
50,0.359401741392,0.437648344264,0.0211269004863,0.181823013858,0.757404162727
50,0.348090410612,0.449260894374,0.0328214104636,0.16982728455,0.691680999152
50,0.340502929874,0.501785339421,0.0248451522881,0.132866578417,0.753830168526
50,0.355593294591,0.511557201381,0.0190525591186,0.113796944909,0.750976608953
50,0.364974272998,0.505395017481,0.0149494393916,0.11468127013,0.750224723735
50,0.367270735498,0.473299600574,0.00707490395544,0.152354759973,0.734431105911
50,0.367085268204,0.466970772279,0.00574855085656,0.160195408661,0.780217728945
50,0.366881588677,0.461984076748,0.00475775530176,0.166376579274,0.752713740318
50,0.366679140839,0.458312922705,0.00408653928993,0.170921397166,0.762225346691
50,0.366464658338,0.45539313194,0.00361794520965,0.174524264513,0.738229091658
50,0.366225210593,0.452977866363,0.00331312035286,0.17748380269,0.815087973763
50,0.365697360336,0.449302502121,0.00320086686709,0.181799270676,0.748600323899
50,0.3654733505,0.448173070042,0.0033639962176,0.18298958324,0.754012558753
50,0.365281108041,0.447379419071,0.00359590444877,0.18374356844,0.773561121331
50,0.365044675216,0.446572824888,0.00396991796655,0.184412581929,0.777331430846
50,0.364729582311,0.4457183441,0.0045838851347,0.184968188455,0.729251689464
50,0.364434774421,0.445079488214,0.00524248997595,0.185243247389,0.781159373322
50,0.36402028061,0.444317594417,0.00623991083026,0.185422214142,0.850588934583
51,0.36,0.437,0.019,0.184,0.814336832632
51,0.36,0.437,0.019,0.184,0.735562703077
51,0.350995590356,0.44673723026,0.0277682227176,0.174498956666,0.711145674775
51,0.343113668901,0.484175102077,0.0250555088607,0.147655720161,0.799807285617
51,0.353090595711,0.499428302868,0.0201038656029,0.127377235818,0.824345416795
51,0.361831216991,0.496248415219,0.0159916088999,0.12592875889,0.71842227873
51,0.364424557642,0.487024413894,0.0127155021228,0.135835526341,0.72984015497
51,0.365138262884,0.478748536608,0.0103385478087,0.1457746527,0.776271011215
51,0.365559753307,0.471936727044,0.00848023336817,0.154023286281,0.784820465333
51,0.365945012145,0.465251664748,0.0067469053195,0.162056417788,0.844118183042
51,0.366214957753,0.460411589578,0.00558452420628,0.167788928462,0.832800455701
51,0.366368228921,0.457504102594,0.00495703549098,0.171170632995,0.8105175789
51,0.366485060241,0.455063423729,0.00450293080418,0.173948585225,0.794297338641
51,0.3665658445,0.452925201897,0.00419658098225,0.176312372621,0.795923889413
51,0.366597099813,0.451117817629,0.00404692323944,0.178238159318,0.779473520868
51,0.366584298427,0.44974907771,0.00403438278668,0.179632241076,0.768378576574
51,0.36653881694,0.448627216043,0.0041206697433,0.180713297274,0.732138151222
51,0.366459605944,0.447651877563,0.00430516692252,0.181583349571,0.773779897491
51,0.366353869778,0.446834772181,0.00456840181577,0.182242956225,0.744958255996
51,0.366222045931,0.446090594939,0.00490618302104,0.182781176109,0.745974229451
51,0.366065319623,0.445409134795,0.00531488276489,0.183210662818,0.742873730392
51,0.365764828154,0.444405701455,0.00610908370957,0.183720386682,0.771919632323
52,0.356115048178,0.439166766573,0.0236920685367,0.181026116712,0.803545346746
52,0.343849706186,0.464879052317,0.0300658738391,0.161205367659,0.8356550427
52,0.343173729904,0.505351533268,0.0229177294276,0.1285570074,0.771424838019
52,0.3565808284,0.510791462541,0.0177815631681,0.114846145891,0.794844780525
52,0.364455149247,0.503782509099,0.014097408752,0.117664932903,0.749406301903
52,0.366954142312,0.479521127866,0.00825819048849,0.145266539333,0.775778955787
52,0.36702443197,0.471638685713,0.00661292437349,0.154723957944,0.80846807933
52,0.367051921483,0.466065658135,0.0054986591438,0.161383761239,0.800990546514
52,0.367073443425,0.461085700049,0.00456109978772,0.167279756738,0.794253015274
52,0.367087488247,0.456604637278,0.00379957629707,0.172508298178,0.740215285776
52,0.367087032857,0.453683105973,0.00339772025114,0.175832140919,0.690411931198
52,0.367074318106,0.451666232352,0.00320637205869,0.178053077484,0.680401467166
52,0.367038735236,0.449956925339,0.00313520652366,0.179869132901,0.700211715566
52,0.366974167718,0.448570479727,0.00318416560894,0.181271186947,0.715920020072
52,0.366880386179,0.44744743913,0.00334158988491,0.182330584806,0.735941612222
52,0.366777449059,0.446633848379,0.00355483127398,0.183033871288,0.678795144474
52,0.366641735962,0.445872428189,0.00386600295016,0.183619832899,0.722464291997
52,0.366440867861,0.445079599223,0.0043588090962,0.18412072382,0.732186947127
52,0.366199283068,0.444371415069,0.00497518651293,0.18445411535,0.762826892706
52,0.365955950392,0.443801246574,0.00560983484625,0.184632968188,0.755472333899
52,0.365562985299,0.443037666168,0.00664991654104,0.184749431993,0.715083549221
53,0.36036036036,0.436436436436,0.018018018018,0.185185185185,0.761543877797
53,0.36036036036,0.436436436436,0.018018018018,0.185185185185,0.774593626417
53,0.358549714099,0.433420308983,0.0218192990576,0.186210677861,0.73250244656
53,0.344985841692,0.493816152897,0.0223305904049,0.138867415005,0.761528321262
53,0.358644176731,0.498034856807,0.0174694894958,0.125851476966,0.811167386861
53,0.363587893201,0.491784659003,0.014226595112,0.130400852684,0.758473276675
53,0.364953033972,0.482967291863,0.0115017224091,0.140577951755,0.799045064873
53,0.365471271479,0.475470337981,0.00942025890226,0.149638131638,0.810417970758
53,0.365790869406,0.469738637514,0.00788709275755,0.156583400322,0.835060068655
53,0.366042647785,0.465064018245,0.0066782074575,0.162215126512,0.847370178272
53,0.366413693705,0.458017618702,0.0049979166361,0.170570770957,0.696100463725
53,0.366537473027,0.455461319904,0.00448199067193,0.173519216397,0.710005218364
53,0.36662870207,0.453273112101,0.00412050274784,0.175977683081,0.711599066947
53,0.366674031065,0.451408572992,0.00391216571839,0.178005230225,0.690600876579
53,0.366670339419,0.449892103468,0.00385579790101,0.179581759213,0.758574142862
53,0.366626243338,0.448705981684,0.00392589218628,0.180741882792,0.773946485932
53,0.366552243283,0.447745212053,0.00408873277587,0.181613811888,0.768375657899
53,0.366451497034,0.446913079579,0.00433132439314,0.182304098994,0.775044469387
53,0.366320686117,0.446148705707,0.00466018885588,0.18287041932,0.750463222185
53,0.366153681104,0.445421714907,0.00509097412418,0.183333629865,0.699410881121
53,0.365855003808,0.444441245439,0.00587544051281,0.18382831024,0.744126407998
54,0,0.173,0.327,0.5,0.702290734265
54,0.00962381920658,0.167589784097,0.314576834058,0.508209562638,0.643399124458
54,0.0156185795635,0.142461014081,0.277245537032,0.564674869324,0.603051317659
54,0.011990282143,0.112384104226,0.256172790354,0.619452823276,0.623576242507
54,0.0100726415789,0.10507042219,0.259883912036,0.624973024195,0.671756779602
54,0.0102146223621,0.111020082513,0.261718146235,0.61704714889,0.653270824073
54,0.0170616622543,0.127381338373,0.254154373136,0.601402626237,0.620881325859
54,0.0460750271538,0.143042619939,0.23474547436,0.576136878546,0.633796460365
54,0.0879723623375,0.150815169013,0.211769285358,0.549443183291,0.638109114449
54,0.124404246917,0.154826953486,0.191770190689,0.528998608908,0.587699372651
54,0.164445943962,0.15798886695,0.168620048367,0.508945140721,0.626201035909
54,0.207437234298,0.160327675523,0.142440551924,0.489794538255,0.650184670978
54,0.241114685808,0.161518416077,0.12132561628,0.476041281835,0.694221489819
54,0.270799338034,0.16205775811,0.102611981638,0.464530922218,0.619067076978
54,0.305196033834,0.162558681498,0.0803842147072,0.45186106996,0.581040987938
54,0.335971621386,0.163099708611,0.0596726590472,0.441256010955,0.517853839185
54,0.35600438387,0.163554592643,0.0457167077913,0.434724315695,0.495943863131
54,0.36774521602,0.163860375168,0.0373593487221,0.43103506009,0.444557298724
54,0.37734793261,0.164130379519,0.0304335077012,0.42808818017,0.593194618439
54,0.386197771394,0.164399380247,0.0239590642714,0.425443784088,0.698828395083
54,0.392850815357,0.164617936321,0.0190175909355,0.423513657386,0.628359278212
54,0.397888602856,0.164795482428,0.0152210810535,0.422094833662,0.542275530789
54,0.404250017299,0.165040371535,0.0103330656887,0.420376545478,0.466066275013
55,0,0.131,0.401,0.468,0.509922238754
55,0,0.131,0.401,0.468,0.447796134449
55,0.00148873100242,0.131870492254,0.400044218923,0.466596557821,0.405479152154
55,0.0137270516109,0.124160620624,0.382718609645,0.47939371812,0.488665507027
55,0.0114318929436,0.102257495964,0.363428677288,0.522881933804,0.595191757305
55,0.00948223460817,0.0861083337521,0.365485989704,0.538923441936,0.676680625396
55,0.0119392577487,0.0987320033925,0.339061804903,0.550266933956,0.73066712416
55,0.0272823257725,0.115789055194,0.312776010334,0.5441526087,0.675819840287
55,0.0574493560744,0.129748609531,0.280744755428,0.532057278967,0.650021566465
55,0.0932058678731,0.140900093449,0.246952832702,0.518941205976,0.644230723605
55,0.130596221533,0.151147661072,0.21125953484,0.506996582555,0.650128234299
55,0.168045972365,0.160709913875,0.174718644147,0.496525469613,0.692726632223
55,0.200793376751,0.168566211933,0.142615849143,0.488024562173,0.675793664176
55,0.22596573708,0.174688105757,0.11743162523,0.481914531933,0.674768324066
55,0.24826578728,0.180235733526,0.0946406061429,0.47685787305,0.678135467102
55,0.292709300255,0.191505236042,0.0481391523453,0.467646311358,0.579896110132
55,0.301533121872,0.19377379381,0.0387365777678,0.465956506551,0.540420950184
55,0.312013712924,0.196485488305,0.0274739405816,0.46402685819,0.578424834424
56,0.172,0.013,0.148,0.667,0.648557075519
56,0.155879390629,0.0248614099373,0.135798758174,0.68346044126,0.640164064138
56,0.103868111428,0.0157976941412,0.0882390793728,0.792095115058,0.643633988703
56,0.10405780231,0.010354305332,0.0794514537334,0.806136438625,0.665506791042
56,0.12722107671,0.0067868232011,0.0974772635654,0.768514836524,0.576290950058
56,0.142258697592,0.00484070795173,0.11364755364,0.739253040816,0.568272771395
56,0.150714670693,0.00378905663703,0.123328353964,0.722167918706,0.568298308785
56,0.157262753462,0.00301285492501,0.130938662686,0.708785728926,0.581370621657
56,0.161851282695,0.00251117452899,0.136318105198,0.699319437578,0.635217460243
56,0.165834818349,0.0021378477245,0.141031488407,0.69099584552,0.609642416381
56,0.168547277773,0.00198267422851,0.144272754016,0.685197293983,0.547758668062
56,0.170258729477,0.001979792337,0.146326561563,0.681434916623,0.483495107639
56,0.171344126495,0.00208463174566,0.147635641473,0.678935600287,0.656284409141
56,0.171960176774,0.00224091134889,0.148384315847,0.67741459603,0.571448965355
56,0.172468119178,0.00249785894975,0.149009066383,0.67602495549,0.633998487567
56,0.172961304706,0.003115085464,0.149637063218,0.674286546613,0.650325229016
57,0.172,0.013,0.149,0.666,0.600963824546
57,0.172030761924,0.0131026725113,0.149041019913,0.665825545652,0.628510752897
57,0.16784948062,0.0190588483028,0.146250655823,0.666841015254,0.655142758448
57,0.139544354305,0.0194480127102,0.121731274645,0.71927635834,0.670518981769
57,0.114265432823,0.0150928456002,0.0976312755079,0.773010446069,0.559930189277
57,0.111142736789,0.0112349302288,0.0880853818948,0.789536951088,0.51635872828
57,0.123295007868,0.00880585510826,0.0960618432411,0.771837293783,0.479583570956
57,0.131523416523,0.00746577172344,0.103903844239,0.757106967515,0.46383910924
57,0.139499632859,0.00620791990444,0.112266517025,0.742025930211,0.54448418759
57,0.147999973269,0.0049012078613,0.121489074191,0.725609744679,0.645445581731
57,0.15330408592,0.00411417598264,0.127290776991,0.715290961107,0.607583686762
57,0.157051100786,0.0035800598789,0.131380238945,0.707988600391,0.609010285261
57,0.160707417608,0.00309491978518,0.135351878498,0.700845784109,0.557388452994
57,0.163790827067,0.00273283174858,0.13868706864,0.694789272545,0.605467439679
57,0.166019180889,0.00251967147745,0.141097425673,0.69036372196,0.650081992935
57,0.167464691242,0.0024208995577,0.142662543605,0.687451865595,0.627177302385
57,0.170040661929,0.00242056394308,0.145458547921,0.682080226207,0.641079446147
57,0.17070625931,0.00250026079119,0.146184124223,0.680609355676,0.634808830226
57,0.171195881774,0.00260241343216,0.146719574011,0.679482130783,0.620181624936
57,0.171958536378,0.00289679183986,0.147558918974,0.677585752808,0.560693216027
58,0.172,0.013,0.148,0.667,0.597084934471
58,0.169684436299,0.0147036758553,0.146247176155,0.669364711691,0.649632709133
58,0.143459836321,0.0232169824121,0.124903762352,0.708419418914,0.476916666667
58,0.112740406356,0.0177727236887,0.0970966561602,0.772390213795,0.470166666667
58,0.098905882401,0.0131116874928,0.0802674375915,0.807714992515,0.476405170901
58,0.130902520653,0.00630447156599,0.100887497794,0.761905509987,0.603331423765
58,0.149512513631,0.00394282548064,0.121499683891,0.725044976998,0.625921632924
58,0.156737208765,0.00308259825316,0.129795137416,0.710385055566,0.613799968393
58,0.166037449512,0.00213129860406,0.140520963965,0.691310287919,0.43075
58,0.16804180019,0.00200228951849,0.142838000432,0.687117909859,0.4355
58,0.169879749795,0.00196824564623,0.144967119426,0.683184885132,0.612179237256
58,0.171325165308,0.00205927576923,0.146647665611,0.679967893312,0.444583333333
58,0.172185950984,0.00226849550963,0.147656550272,0.677889003234,0.43725
58,0.172726843969,0.00256393104519,0.148299048277,0.67641017671,0.451166666667
58,0.173132210549,0.00311972181855,0.148797981219,0.674950086413,0.46925
59,0.171828171828,0.012987012987,0.148851148851,0.666333666334,0.674767571947
59,0.171828171828,0.012987012987,0.148851148851,0.666333666334,0.580972745923
59,0.173353325827,0.0180656483368,0.150883212469,0.657697813367,0.618578665831
59,0.118717976987,0.0161115320372,0.102474368482,0.762696122494,0.58419938054
59,0.109988540931,0.0120453365192,0.0889290110114,0.789037111538,0.599548993052
59,0.119798679047,0.0094081199153,0.0933992050274,0.77739399601,0.636964092989
59,0.129739660708,0.00772541752032,0.102217711504,0.760317210268,0.579525610721
59,0.138261764146,0.00637557970606,0.110980982687,0.744381673461,0.659769817317
59,0.146172021469,0.0051559483714,0.119520682132,0.729151348028,0.661476722851
59,0.152013051217,0.0042831749004,0.125902578162,0.71780119572,0.621713954611
59,0.156920881638,0.0035824479614,0.131258437871,0.70823823253,0.582974671249
59,0.161163328398,0.0030283539715,0.13586154403,0.6999467736,0.596831373573
59,0.164047198567,0.00269816889039,0.138977831479,0.694276801064,0.579567406813
59,0.165848934701,0.0025276483276,0.140924413538,0.690699003433,0.587555729519
59,0.167413839383,0.00241976142547,0.142616569347,0.687549829845,0.674072095102
59,0.169036671579,0.00237910698662,0.144374110647,0.684210110788,0.632765105218
59,0.170122415169,0.00242590020677,0.145552859333,0.681898825291,0.632290462484
59,0.171947863792,0.00289492150302,0.147549881062,0.677607333643,0.606576703847
60,0.238390849311,0.472582651057,0.281767638654,0.00725886097844,0.763129206387
60,0.205536816615,0.536490932737,0.242739594563,0.0152326560856,0.780849085919
60,0.18658272072,0.594838801609,0.20802498697,0.0105534907017,0.733686120237
60,0.217524622586,0.56671297756,0.207744872193,0.00801752766134,0.796218822279
60,0.243766422408,0.545559396595,0.202759532254,0.00791464874275,0.790399884055
60,0.298774640611,0.483927121871,0.149321051825,0.0679771856925,0.704604397282
60,0.30657632335,0.465073999326,0.128289390499,0.100060286825,0.754453395506
60,0.315591485803,0.445415965376,0.103100053935,0.135892494886,0.749699609284
60,0.325349577961,0.426016318492,0.0755950123089,0.173039091238,0.789546370598
60,0.331771907124,0.414222385434,0.0569819960255,0.197023711417,0.775790078264
60,0.335692817161,0.407574188095,0.0455443578488,0.211188636895,0.765504526201
60,0.338769323085,0.402636041179,0.0365711986256,0.222023437111,0.868760486602
60,0.34112568072,0.399020924864,0.0297023610517,0.230151033365,0.87844913858
60,0.34295920068,0.396316223401,0.0243603985144,0.236364177404,0.844159024158
60,0.344842004736,0.39366857424,0.0188782325702,0.242611188454,0.821619574511
60,0.346597393781,0.391335419013,0.013770596761,0.248296590445,0.798869479287
