Comp1,Comp2,Comp3,Objective
0.3374252443136454,0.3278789386574905,0.33469581702886425,0.9729414785934782
0.31119688902902837,0.2878279477600176,0.4009751632109543,0.42307302793267265
0.2849685337444113,0.2477769568625446,0.46725450939304425,0.11430781538355876
0.2587401784597942,0.20772596596507165,0.5335338555751342,0.08080383047545142
0.23251182317517718,0.1676749750675987,0.5998132017572242,-0.06013511003130437
0.20628346789056012,0.12762398417012577,0.6660925479393142,-0.06712172198292216
0.18005511260594306,0.08757299327265282,0.7323718941214042,-0.003483611040282206
0.153826757321326,0.04752200237517985,0.7986512403034942,-0.04653091710114815
0.4939648567536194,0.3297862345608553,0.17624890868552529,0.03812154775859176
0.48628483400708544,0.3510233406290387,0.16269182536387589,-0.017047436616877017
0.47860481126055154,0.372260446697222,0.14913474204222646,-0.03518288183531766
0.47092478851401753,0.39349755276540543,0.13557765872057703,0.12506644322408772
0.46324476576748363,0.4147346588335888,0.12202057539892765,0.032952382100657186
0.4555647430209497,0.43597176490177214,0.10846349207727823,0.20795370973033855
0.4478847202744157,0.45720887096995555,0.09490640875562883,0.2889881302625463
0.4402046975278818,0.4784459770381389,0.08134932543397941,0.3533560212031193
0.6512033636934189,0.16253340856578535,0.1862632277407958,0.044190395633375054
0.6019194048830974,0.23284667594915265,0.16523391916775,-0.022349611394187206
0.5526354460727759,0.30315994333251994,0.1442046105947042,-0.042814098946131876
0.5033514872624544,0.37347321071588724,0.1231753020216584,0.1466012930758334
0.45406752845213283,0.44378647809925453,0.10214599344861261,0.2694697781625556
0.4047835696418114,0.5140997454826218,0.08111668487556682,0.17511812082859068
0.35549961083148984,0.5844130128659891,0.06008737630252102,0.08074582770019112
0.30621565202116835,0.6547262802493564,0.03905806772947521,0.05714608211990508
0.027399208521343064,0.5896077035524737,0.3829930879261833,0.1740063284083987
0.07917823240092613,0.5802777554937032,0.3405440121053708,0.048336683001818904
0.13095725628050917,0.5709478074349327,0.2980949362845582,0.011140228180221841
0.18273628016009225,0.5616178593761622,0.2556458604637456,-0.021392399340973457
0.2345153040396753,0.5522879113173916,0.21319678464293307,-0.04569381541835881
0.2862943279192583,0.5429579632586211,0.17074770882212054,-0.132601094289477
0.3380733517988414,0.5336280151998506,0.12829863300130795,0.04575693511160775
0.38985237567842446,0.5242980671410801,0.08584955718049539,0.12960327764726506
0.05511893364266221,0.5646161718025224,0.38026489455481527,-0.10129660926671022
0.09158135957721317,0.5109689029809887,0.39744973744179807,-0.06973975156534977
0.1280437855117641,0.457321634159455,0.41463458032878087,-0.06194416421160845
0.16450621144631505,0.4036743653379213,0.4318194232157636,0.10318583477793605
0.200968637380866,0.3500270965163876,0.44900426610274646,0.09314873886030162
0.23743106331541694,0.2963798276948539,0.4661891089897292,0.041814516267958485
0.2738934892499679,0.24273255887332013,0.48337395187671206,0.006607817128521685
0.3103559151845189,0.1890852900517864,0.5005587947636948,-0.1143774976092894
0.18340350562054827,0.5719500522275293,0.2446464421519224,0.0016652228778228503
0.1794975046268355,0.5605897108804843,0.25991278449268024,-0.01648962680050929
0.1755915036331227,0.5492293695334391,0.2751791268334381,0.013029958914476255
0.17168550263940993,0.5378690281863941,0.2904454691741959,0.4765220934654163
0.16777950164569716,0.5265086868393491,0.30571181151495375,0.026233715001393758
0.16387350065198436,0.5151483454923041,0.3209781538557116,-0.08141162947861515
0.15996749965827162,0.503788004145259,0.3362444961964694,-0.062460946072612364
0.15606149866455882,0.49242766279821404,0.35151083853722725,-0.0934097163728294
0.22903613635105835,0.012996409006988296,0.7579674546419534,0.20398217071427438
0.2378829083645594,0.09739254617018392,0.6647245454652567,-0.06926763778615792
0.2467296803780604,0.18178868333337955,0.5714816362885601,0.018876740903743625
0.2555764523915614,0.26618482049657516,0.4782387271118634,0.01089379835506156
0.26442322440506244,0.3505809576597708,0.38499581793516674,0.44523708930811373
0.2732699964185634,0.4349770948229664,0.29175290875847015,0.21313806599092586
0.28211676843206446,0.519373231986162,0.19850999958177348,-0.06885713512590362
0.2909635404455655,0.6037693691493577,0.1052670904050768,-0.0327938060083607
0.105001066502466,0.19269651698052864,0.7023024165170053,-0.06755730490395809
0.10092100107886019,0.18159998513295822,0.7174790137881816,0.14899642928359802
0.09684093565525438,0.1705034532853878,0.7326556110593578,0.058707693445530285
0.09276087023164856,0.1594069214378174,0.747832208330534,0.06525738418132931
0.08868080480804275,0.14831038959024698,0.7630088056017104,-0.010810577625343038
0.08460073938443693,0.13721385774267658,0.7781854028728865,-0.045369502736024414
0.08052067396083111,0.12611732589510616,0.7933620001440628,-0.030544004724950002
0.0764406085372253,0.11502079404753573,0.808538597415239,-0.08606512853942008
0.2866813064975039,0.4269218492992093,0.28639684420328687,0.2329149573299845
0.29715601269783853,0.41006378567596646,0.29278020162619506,0.4357167902942071
0.30763071889817317,0.3932057220527236,0.2991635590491033,0.5884303430620333
0.31810542509850775,0.3763476584294807,0.3055469164720115,0.6515615333893059
0.3285801312988424,0.3594895948062379,0.3119302738949197,1.008588492971164
0.33905483749917703,0.34263153118299505,0.31831363131782786,0.9386067691267874
0.34952954369951167,0.32577346755975223,0.32469698874073605,0.8830948618408871
0.3600042498998463,0.30891540393650935,0.3310803461636443,0.9196721586729215
0.6164039064536211,0.3246481981522553,0.058947895394123685,-0.13587524892850777
0.5302922264013841,0.3831239334554827,0.08658384014313339,0.04614076475162582
0.44418054634914705,0.44159966875870993,0.1142197848921431,0.07488724222053497
0.35806886629691,0.5000754040619373,0.1418557296411528,0.08184470990783341
0.27195718624467297,0.5585511393651645,0.16949167439016252,0.00257925836342113
0.185845506192436,0.617026874668392,0.1971276191391722,0.034200630208777616
0.09973382614019893,0.6755026099716193,0.22476356388818192,-0.02293706407136671
0.013622146087961884,0.7339783452748466,0.2523995086371916,0.037669158300489294
0.32074426595244865,0.29051207562331627,0.38874365842423514,0.6028937132134395
0.27665602045581644,0.32471720301197543,0.39862677653220824,0.6390572591333968
0.23256777495918415,0.35892233040063454,0.40850989464018134,0.1267228397784569
0.1884795294625519,0.39312745778929364,0.41839301274815444,-0.06344099295930314
0.14439128396591966,0.4273325851779528,0.4282761308561275,0.026328107844189007
0.10030303846928743,0.46153771256661197,0.43815924896410063,-0.050796997694212725
0.05621479297265516,0.4957428399552711,0.4480423670720737,-0.15030323751649982
0.012126547476022893,0.5299479673439302,0.45792548518004683,-0.07436890248365283
0.20913851813317816,0.534481882665711,0.256379599201111,-0.10086917511979317
0.21302866983638788,0.4745099507970935,0.3124613793665187,-0.061540201878450884
0.2169188215395976,0.41453801892847614,0.3685431595319264,0.24136887241457797
0.2208089732428073,0.35456608705985865,0.42462493969733406,0.03008173277672467
0.22469912494601701,0.29459415519124127,0.48070671986274177,0.05196427848617129
0.22858927664922674,0.23462222332262386,0.5367885000281495,-0.06731158476478857
0.23247942835243646,0.17465029145400643,0.5928702801935571,0.0544417022948731
0.23636958005564618,0.114678359585389,0.6489520603589649,-0.02633080974220506
0.25098503351908863,0.6361724152866565,0.11284255119425504,0.010953809458927367
0.22478088330725912,0.5462038897664732,0.2290152269262679,0.00469400953066044
0.19857673309542961,0.45623536424628974,0.3451879026582808,-0.01742326405472891
0.17237258288360008,0.3662668387261063,0.46136057839029365,-0.022099235400872403
0.14616843267177057,0.27629831320592296,0.5775332541223065,0.11018062786845764
0.11996428245994106,0.18632978768573966,0.6937059298543193,-0.053413539250872215
0.09376013224811156,0.09636126216555624,0.8098786055863323,0.02223547198893938
0.06755598203628202,0.0063927366453728415,0.9260512813183452,0.44114948812076593
0.01692043626627282,0.897858276462438,0.0852212872712892,0.1780916122131677
0.024243440752313786,0.8129165384212363,0.16284002082644988,-0.018682784060773457
0.03156644523835475,0.7279748003800348,0.24045875438161055,-0.017637115637498958
0.03888944972439572,0.6430330623388331,0.3180774879367712,0.10300444606402186
0.04621245421043668,0.5580913242976315,0.39569622149193184,-0.016578656197206616
0.05353545869647765,0.47314958625642994,0.47331495504709253,0.020725830818767024
0.060858463182518606,0.38820784821522825,0.5509336886022532,-0.12296751805542483
0.06818146766855958,0.3032661101740266,0.6285524221574139,0.12091461096832738
0.11535975253816667,0.4086588409202891,0.4759814065415442,0.04133698589659819
0.15104522515788837,0.40480858432773836,0.4441461905143733,0.08813180458984718
0.18673069777761006,0.4009583277351876,0.4123109744872024,0.15909832529069404
0.22241617039733175,0.3971080711426368,0.38047575846003145,0.20795203058541142
0.25810164301705346,0.393257814550086,0.3486405424328606,0.3845520629084663
0.2937871156367751,0.38940755795753523,0.3168053264056897,0.6707847990152364
0.32947258825649683,0.3855573013649845,0.2849701103785188,0.6501839936437369
0.36515806087621855,0.3817070447724337,0.2531348943513479,0.37343936963788327
0.3036095948074115,0.026295405092883015,0.6700950000997055,-0.03627958724247483
0.2670352106468253,0.14437916075547313,0.5885856285977016,0.04464902581475617
0.23046082648623903,0.26246291641806324,0.5070762570956977,-0.06161275187264158
0.19388644232565277,0.38054667208065335,0.42556688559369377,-0.03918852320990013
0.15731205816506655,0.49863042774324345,0.34405751409168994,0.024416990171633575
0.12073767400448032,0.6167141834058336,0.2625481425896861,0.04261494854298592
0.08416328984389408,0.7347979390684237,0.18103877108768218,0.021318757385196726
0.04758890568330783,0.8528816947310138,0.09952939958567826,0.06070305536930296
0.2962203570763485,0.49320081357886697,0.21057882934478453,0.0731753396116803
0.27114592591311687,0.5042806754736773,0.2245733986132059,0.0672095508020401
0.24607149474988524,0.5153605373684875,0.23856796788162726,0.02256044489627623
0.2209970635866536,0.5264403992632978,0.2525625371500486,0.02208023309250819
0.195922632423422,0.537520261158108,0.26655710641847,-0.009014728382279237
0.1708482012601904,0.5486001230529183,0.2805516756868914,0.027287311271076815
0.14577377009695874,0.5596799849477286,0.29454624495531273,-0.073970484827093
0.12069933893372713,0.5707598468425389,0.30854081422373414,0.10373146595105069
0.1710268652620242,0.5532132725688382,0.2757598621691374,0.05927665976751853
0.17754161920733424,0.5163453736960142,0.3061130070966515,0.1654901135819305
0.18405637315264423,0.47947747482319003,0.3364661520241655,-0.12861738582591142
0.19057112709795423,0.44260957595036593,0.36681929695167964,0.0009158579487008392
0.19708588104326424,0.40574167707754183,0.39717244187919376,0.5164724491384416
0.20360063498857428,0.3688737782047178,0.42752558680670777,-0.02379092864879817
0.2101153889338843,0.3320058793318937,0.45787873173422194,-0.011969686920556576
0.2166301428791943,0.2951379804590696,0.488231876661736,0.055249433272981714
0.5381696065607687,0.17615454296881455,0.28567585047041666,0.01692610047681267
0.5243771887331969,0.15177091414426605,0.32385189712253704,-0.2458082238302943
0.5105847709056252,0.12738728531971755,0.36202794377465736,0.014265909475313483
0.49679235307805325,0.10300365649516903,0.4002039904267777,-0.027377066577885852
0.48299993525048146,0.07862002767062054,0.43838003707889805,-0.018564746065023965
0.4692075174229097,0.05423639884607205,0.4765560837310184,0.2903382843165527
0.4554150995953379,0.02985277002152354,0.5147321303831387,-0.0907524323209258
0.4416226817677661,0.005469141196975026,0.5529081770352591,-0.16335309036984363
0.02308569076023426,0.42973294800280903,0.5471813612369566,-0.2693091106747553
0.07159529505363768,0.42093976360739216,0.5074649413389701,-0.006846848878809835
0.1201048993470411,0.41214657921197523,0.46774852144098356,0.007260167454178422
0.16861450364044453,0.40335339481655835,0.4280321015429971,-0.0263702134963184
0.21712410793384795,0.3945602104211414,0.3883156816450106,0.06414042887047092
0.26563371222725135,0.3857670260257246,0.34859926174702416,0.5183398943838905
0.3141433165206548,0.37697384163030767,0.30888284184903764,0.6493324411992932
0.36265292081405825,0.3681806572348908,0.2691664219510511,0.16747369511596782
0.02509295381143512,0.8446673527156823,0.1302396934728827,-0.031637503368536365
0.06101765011900336,0.7461898608802001,0.1927924890007966,-0.013225574444229027
0.0969423464265716,0.647712369044718,0.2553452845287105,0.0253346061918262
0.13286704273413985,0.5492348772092358,0.3178980800566244,-0.023856091487131394
0.16879173904170808,0.45075738537375365,0.38045087558453833,0.0870300955930831
0.2047164353492763,0.35227989353827155,0.4430036711124522,0.13026053828288026
0.24064113165684456,0.25380240170278934,0.5055564666403661,0.001400717897915094
0.2765658279644128,0.15532490986730718,0.5681092621682801,0.13667327532661253
0.5263652208711084,0.22086095799828334,0.25277382113060815,0.025140260837347158
0.4819980511382768,0.21882952136008674,0.2991724275016364,-0.08684528384054321
0.4376308814054451,0.2167980847218901,0.34557103387266463,0.0029667777032997417
0.3932637116726134,0.2147666480836935,0.39196964024369285,0.013654231192287272
0.34889654193978187,0.21273521144549687,0.4383682466147211,0.1491717856978751
0.30452937220695026,0.2107037748073003,0.48476685298574934,0.04341868740194285
0.2601622024741186,0.20867233816910366,0.5311654593567776,-0.017719523463593137
0.21579503274128697,0.20664090153090703,0.5775640657278058,0.04344989273171115
0.7545200759684376,0.07562919023822258,0.16985073379333965,0.006469154855445786
0.6767597169080328,0.1270203912440952,0.19621989184787184,-0.003974722925239749
0.5989993578476281,0.17841159224996778,0.222589049902404,-0.0545452924655398
0.5212389987872232,0.2298027932558404,0.24895820795693616,-0.05519311625470095
0.44347863972681856,0.281193994261713,0.27532736601146834,0.19875262505564426
0.3657182806664138,0.3325851952675856,0.30169652406600056,0.8871979262219065
0.287957921606009,0.3839763962734582,0.32806568212053266,0.521926789337568
0.21019756254560423,0.43536759727933083,0.3544348401750649,0.04869400155871327
0.4849507336373251,0.49590215687971456,0.019147109482960386,0.8893004667609714
0.4610466919864288,0.5084643749288321,0.030488933084739205,0.5658534170663713
0.4371426503355324,0.5210265929779496,0.04183075668651802,0.7037111135009236
0.413238608684636,0.5335888110270671,0.053172580288296835,0.27065962035480223
0.3893345670337397,0.5461510290761847,0.06451440389007566,0.04154946527491564
0.3654305253828434,0.5587132471253022,0.07585622749185447,0.06858911077881759
0.341526483731947,0.5712754651744197,0.0871980510936333,0.29792206791181297
0.3176224420810506,0.5838376832235374,0.09853987469541212,0.05287268885748114
0.3309125991833837,0.20177155198561164,0.4673158488310047,0.03656769404723989
0.31586324834412366,0.22416028491183412,0.4599764667440423,0.16544526068424248
0.30081389750486354,0.24654901783805655,0.4526370846570799,0.03153227390485064
0.28576454666560336,0.268937750764279,0.44529770257011747,0.17634429255786893
0.2707151958263433,0.2913264836905015,0.43795832048315514,0.22782928938188782
0.25566584498708317,0.31371521661672397,0.43061893839619275,0.27813256895655386
0.24061649414782305,0.33610394954294637,0.4232795563092304,0.12698357182692543
0.22556714330856295,0.3584926824691689,0.415940174222268,0.0850135692981378
0.1699928054925007,0.30294474360461604,0.5270624509028833,0.047685327392980044
0.23600219958320756,0.27444860759411555,0.489549192822677,0.06109161327567647
0.3020115936739144,0.245952471583615,0.4520359347424707,0.2410222305770151
0.3680209877646212,0.21745633557311447,0.4145226766622644,0.0931906461526475
0.43403038185532805,0.18896019956261398,0.3770094185820581,-0.03739208458161083
0.5000397759460349,0.16046406355211346,0.33949616050185183,-0.05944623719339487
0.5660491700367417,0.13196792754161296,0.3019829024216455,0.023458141301919432
0.6320585641274485,0.10347179153111241,0.2644696443414392,-0.05358715741638077
0.6138582280268473,0.35318909879582583,0.03295267317732689,0.021679205851973
0.6397846754100058,0.32398210077017764,0.036233223819816605,-0.05793321382475039
0.6657111227931644,0.29477510274452945,0.03951377446230632,-0.10113380065234212
0.6916375701763229,0.26556810471888115,0.042794325104796034,0.08742828816396442
0.7175640175594814,0.23636110669323296,0.04607487574728575,0.025447935776684836
0.7434904649426399,0.20715410866758477,0.04935542638977546,-0.08093217410805609
0.7694169123257983,0.17794711064193655,0.05263597703226518,-0.07491815560552481
0.795343359708957,0.14874011261628833,0.05591652767475489,0.1408697138876222
0.2058732553098317,0.25286661342537387,0.5412601312647943,-0.11442867052801706
0.18931481042469947,0.3260833779091105,0.48460181166618993,-0.13666219100402674
0.1727563655395672,0.39930014239284717,0.42794349206758553,0.07540888533514407
0.15619792065443494,0.4725169068765838,0.37128517246898113,-0.11938116041309867
0.1396394757693027,0.5457336713603205,0.3146268528703767,-0.040217524752455235
0.12308103088417045,0.6189504358440572,0.2579685332717724,-0.04392963413429644
0.10652258599903819,0.6921672003277938,0.20131021367316798,0.0378795320978401
0.08996414111390594,0.7653839648115305,0.14465189407456355,0.03155519487320307
0.8880876019850519,0.0734529065774716,0.03845949143747662,0.04835743282098755
0.8101097084532771,0.08914352515126821,0.10074676639545481,0.020897000586414027
0.7321318149215024,0.10483414372506482,0.163034041353433,0.10159681627550554
0.6541539213897274,0.12052476229886143,0.22532131631141117,0.002247625964922591
0.5761760278579526,0.13621538087265805,0.28760859126938937,-0.04333928836232432
0.498198134326178,0.15190599944645466,0.3498958662273675,-0.18459662801860552
0.4202202407944031,0.16759661802025128,0.4121831411853457,0.1102658037504753
0.3422423472626283,0.1832872365940479,0.4744704161433239,-0.15583263269563571
0.10176311303603376,0.7373496055126778,0.16088728145128842,-0.07791544370597688
0.1584629737700116,0.6560905260355131,0.18544650019447534,0.03671566096270318
0.21516283450398943,0.5748314465583484,0.21000571893766223,0.049077974084369765
0.27186269523796724,0.4935723670811835,0.23456493768084916,0.030351389194481437
0.32856255597194506,0.41231328760401886,0.2591241564240361,0.29104469250422527
0.38526241670592287,0.3310542081268541,0.283683375167223,0.46908917458804145
0.4419622774399007,0.24979512864968934,0.3082425939104099,0.11067451509516225
0.49866213817387856,0.16853604917252457,0.3328018126535968,-0.008344901541464715
0.4316181254649801,0.3627658682820766,0.20561600625294338,0.04321299664445842
0.3732869452974379,0.32970673937385364,0.29700631532870847,0.7404148327266394
0.3149557651298957,0.2966476104656307,0.3883966244044736,0.594091097963377
0.25662458496235346,0.26358848155740777,0.4797869334802387,-0.08197124018706956
0.1982934047948113,0.23052935264918484,0.5711772425560038,0.03390933490350359
0.13996222462726915,0.19747022374096193,0.6625675516317688,-0.17953202848685695
0.08163104445972692,0.16441109483273897,0.753957860707534,0.019132573513325313
0.023299864292184707,0.13135196592451603,0.8453481697832992,-0.07800588008996177
0.21894401483798215,0.10553118674571386,0.675524798416304,0.057174371284545174
0.2228840200760034,0.12280125380080567,0.654314726123191,0.08762084241590185
0.22682402531402457,0.14007132085589746,0.633104653830078,-0.030477798355809792
0.23076403055204578,0.15734138791098928,0.6118945815369649,0.055361398149593656
0.23470403579006704,0.1746114549660811,0.5906845092438519,-0.03208591446387335
0.23864404102808823,0.1918815220211729,0.5694744369507388,0.02216111788641511
0.24258404626610947,0.2091515890762647,0.5482643646576257,0.0674462839186033
0.24652405150413068,0.2264216561313565,0.5270542923645127,-0.054732923741857856
0.06348360030261242,0.903931182766504,0.03258521693088366,-0.12886068736319803
0.08164308601557996,0.8065749550047119,0.11178195897970829,0.0765529949457073
0.09980257172854748,0.7092187272429197,0.1909787010285329,-0.06373867410078586
0.117962057441515,0.6118624994811275,0.2701754430773575,-0.015505391528073509
0.13612154315448255,0.5145062717193354,0.3493721851261822,-0.0003089589496613781
0.15428102886745007,0.4171500439575433,0.4285689271750067,-0.06511060247685745
0.1724405145804176,0.3197938161957511,0.5077656692238314,-0.07060593607752637
0.19060000029338514,0.22243758843395886,0.586962411272656,-0.10939317084957328
0.24702869784835146,0.5608654773596446,0.19210582479200397,-0.06426862324808132
0.27295164933609717,0.49654760194930603,0.23050074871459697,0.0352667129375278
0.2988746008238428,0.4322297265389673,0.26889567263718994,0.13396203356832598
0.32479755231158847,0.3679118511286287,0.3072905965597829,0.8511852651125486
0.35072050379933417,0.30359397571829005,0.3456855204823759,0.910673879782357
0.3766434552870799,0.2392761003079514,0.38408044440496886,0.2769230175117498
0.4025664067748255,0.17495822489761276,0.42247536832756183,0.2932990671726899
0.42848935826257123,0.11064034948727407,0.46087029225015486,-0.5664763530717013
0.3367618325485997,0.019071913127386295,0.644166254324014,0.12583161878636043
0.33646642520527037,0.11120508476695254,0.5523284900277771,-0.02597145536545194
0.3361710178619409,0.20333825640651879,0.4604907257315402,0.035017003089545966
0.33587561051861153,0.295471428046085,0.36865296143530335,0.6891017548014748
0.33558020317528214,0.3876045996856513,0.2768151971390665,0.6591543252230398
0.3352847958319528,0.4797377713252175,0.18497743284282966,-0.05075286863559969
0.3349893884886234,0.5718709429647837,0.09313966854659275,0.05991777154157808
0.33469398114529403,0.66400411460435,0.0013019042503558478,0.09142998222423414
0.4703604592850043,0.32216013208232397,0.20747940863267164,-0.06027018464094934
0.40764050494654785,0.4068260111679601,0.1855334838854921,0.16148813828470007
0.3449205506080913,0.4914918902535961,0.16358755913831252,0.027486057526644264
0.2822005962696348,0.5761577693392321,0.14164163439113298,0.0014521951734486683
0.21948064193117828,0.6608236484248683,0.1196957096439534,-0.07653754712550648
0.15676068759272177,0.7454895275105043,0.09774978489677387,0.004268417032019257
0.09404073325426526,0.8301554065961404,0.0758038601495943,0.008302676384218777
0.031320778915808735,0.9148212856817766,0.053857935402414736,0.9501070049395561
0.05876039929937331,0.10827916132254689,0.8329604393780798,-0.03989853924525976
0.12089719320618289,0.14551312713310166,0.7335896796607155,0.03580408980090359
0.18303398711299249,0.18274709294365643,0.6342189199433511,-0.12506856512485343
0.24517078101980208,0.21998105875421123,0.5348481602259867,0.35042996203295723
0.30730757492661165,0.257215024564766,0.4354774005086224,0.24998622170758728
0.36944436883342124,0.29444899037532074,0.33610664079125807,0.6905097370462924
0.43158116274023084,0.33168295618587557,0.2367358810738937,0.16831486111841806
0.4937179566470405,0.36891692199643034,0.13736512135652929,0.1165306081485842
0.3018077678204356,0.31613708659175155,0.38205514558781295,0.7058061244798073
0.32849501431018946,0.34317598958256124,0.3283289961072494,0.9413152059392303
0.35518226079994336,0.37021489257337087,0.2746028466266859,0.5549220120128078
0.3818695072896972,0.3972537955641805,0.2208766971461223,0.16228152514415967
0.4085567537794511,0.4242926985549902,0.16715054766555879,-0.005556868529855312
0.43524400026920496,0.4513316015457998,0.11342439818499524,0.05700136631400027
0.4619312467589588,0.4783705045366095,0.059698248704431675,0.4413016007637773
0.4886184932487127,0.5054094075274191,0.005972099223868111,0.9825163645216234
0.28135239099210263,0.5467930613024,0.17185454770549735,-0.05189599245774699
0.3489507527257621,0.4927008580797246,0.1583483891945134,-0.012121690675651985
0.41654911445942144,0.43860865485704903,0.14484223068352947,0.1721813979997153
0.4841474761930809,0.38451645163437354,0.1313360721725455,0.7109368995268488
0.5517458379267404,0.3304242484116981,0.11782991366156155,0.13263679461035094
0.6193441996603997,0.2763320451890226,0.10432375515057761,0.009642051872413682
0.6869425613940592,0.2222398419663471,0.09081759663959366,0.22252452892769878
0.7545409231277186,0.1681476387436716,0.0773114381286097,-0.049443625667031324
0.10762692780775131,0.5972463381811906,0.2951267340110582,0.023564719363907066
0.12928282445888067,0.5400008053271698,0.3307163702139497,-0.13540498126611233
0.15093872111001005,0.482755272473149,0.3663060064168411,-0.06566456843831592
0.1725946177611394,0.42550973961912814,0.40189564261973243,0.014539330465282968
0.19425051441226876,0.3682642067651073,0.4374852788226239,-0.007998216557336249
0.21590641106339814,0.3110186739110866,0.4730749150255153,-0.062221962325618434
0.23756230771452752,0.2537731410570658,0.5086645512284067,-0.03201413080127881
0.2592182043656569,0.19652760820304493,0.5442541874312982,0.020423449891367802
0.0437331246506097,0.21923150695425295,0.7370353683951373,-0.0072341494057667904
0.06796394541917239,0.2331250651085594,0.6989109894722683,0.01578942320684088
0.09219476618773506,0.24701862326286586,0.660786610549399,-0.07777731451940569
0.11642558695629775,0.2609121814171723,0.6226622316265298,-0.07653173056892565
0.14065640772486043,0.27480573957147875,0.5845378527036608,0.08717181486005086
0.1648872284934231,0.2886992977257852,0.5464134737807916,-0.17468023649215828
0.18911804926198578,0.30259285588009166,0.5082890948579224,-0.05352674287270964
0.21334887003054848,0.31648641403439814,0.4701647159350533,0.0045048874140287895
0.6146906043099045,0.17667216303718855,0.20863723265290685,0.027283681289023812
0.5415957460154291,0.2592580945752029,0.1991461594093679,-0.009193080300884093
0.46850088772095394,0.3418440261132171,0.18965508616582888,-0.023041918440059955
0.3954060294264786,0.42442995765123137,0.1801640129222899,0.017295011910176843
0.3223111711320033,0.5070158891892457,0.1706729396787509,0.00998238455315518
0.24921631283752804,0.58960182072726,0.16118186643521193,-0.05254309807533061
0.17612145454305272,0.6721877522652743,0.15169079319167295,0.03889094272225869
0.10302659624857738,0.7547736838032886,0.14219971994813396,0.06921137291211783
0.08132973382505582,0.7088850753189342,0.20978519085601005,-0.060689365741299725
0.10445418201283999,0.6476054969234376,0.2479403210637225,-0.04000134822540135
0.12757863020062413,0.5863259185279409,0.286095451271435,0.13176767872744613
0.15070307838840827,0.5250463401324443,0.3242505814791474,0.029740759877866417
0.17382752657619244,0.46376676173694775,0.36240571168685987,0.017353598919670067
0.19695197476397658,0.4024871833414511,0.4005608418945723,0.08939447749840734
0.22007642295176072,0.3412076049459545,0.4387159721022848,0.20174659089723002
0.2432008711395449,0.27992802655045784,0.4768711023099973,0.08112935822712408
0.3856094995056906,0.5151971630448583,0.09919333744945098,0.17827379600141147
0.3443447647330405,0.5455545322920493,0.11010070297491023,-0.005016175600110587
0.30308002996039035,0.5759119015392401,0.12100806850036949,-0.20273528274738026
0.2618152951877401,0.606269270786431,0.13191543402582873,-0.255220400173894
0.22055056041509,0.636626640033622,0.142822799551288,0.031630795701270975
0.17928582564243983,0.6669840092808129,0.15373016507674725,-0.08136979088541346
0.1380210908697897,0.6973413785280039,0.16463753060220648,0.4796901349014828
0.0967563560971395,0.7276987477751948,0.17554489612766574,0.15701300347033606
0.17262477634729845,0.5473526851024882,0.28002253855021336,-0.4771587933238759
0.20238363526392522,0.5078685937279347,0.2897477710081402,-0.04555721098525698
0.23214249418055197,0.4683845023533812,0.2994730034660669,0.05108028140600292
0.2619013530971787,0.4289004109788276,0.3091982359239937,0.21302478887352938
0.2916602120138055,0.38941631960427414,0.3189234683819205,0.6380863614628867
0.32141907093043226,0.3499322282297206,0.32864870083984726,0.883240676333071
0.35117792984705903,0.31044813685516703,0.33837393329777404,0.8864143825733318
0.3809367887636858,0.2709640454806135,0.3480991657557008,0.5528971404276238
0.6922213723358582,0.22889319675172007,0.07888543091242169,0.02317972711162197
0.6089513897043601,0.3191630343527463,0.07188557594289366,0.048550191922670384
0.5256814070728619,0.4094328719537724,0.06488572097336565,0.2296639593843075
0.4424114244413638,0.49970270955479856,0.05788586600383762,0.6100029893916669
0.3591414418098656,0.5899725471558248,0.05088601103430959,0.13642182285994708
0.27587145917836753,0.6802423847568508,0.04388615606478158,0.02486776257173623
0.19260147654686938,0.7705122223578771,0.03688630109525355,0.008574094446342603
0.1093314939153712,0.8607820599589033,0.029886446125725524,0.09496902681340283
0.41411262028826645,0.24486855639662639,0.3410188233151071,0.20358392446545787
0.36399635579231154,0.28727778342116206,0.3487258607865264,0.7407437280830926
0.3138800912963566,0.3296870104456977,0.35643289825794566,1.0108620301730067
0.2637638268004016,0.37209623747023335,0.364139935729365,0.35933680399784573
0.2136475623044467,0.414505464494769,0.3718469732007843,0.030260416212502514
0.1635312978084918,0.45691469151930464,0.3795540106722036,-0.010241096457621043
0.11341503331253683,0.4993239185438403,0.3872610481436229,0.043700358723301795
0.06329876881658186,0.5417331455683759,0.3949680856150422,0.022128088454389752
0.18077110551473816,0.20806937100464806,0.6111595234806138,0.07319438064497312
0.2003463366713255,0.2559320168144227,0.5437216465142518,0.015169688130484565
0.21992156782791286,0.3037946626241973,0.47628376954788976,0.06456319140593275
0.2394967989845002,0.35165730843397197,0.4088458925815278,0.21979572659038185
0.25907203014108754,0.3995199542437466,0.34140801561516587,0.32285547984140256
0.27864726129767486,0.44738260005352115,0.27397013864880393,0.1838401472555606
0.29822249245426224,0.4952452458632959,0.20653226168244193,0.08015234644405515
0.31779772361084957,0.5431078916730705,0.13909438471607993,0.011249946590809308
0.34108971081409833,0.08476458912479479,0.5741457000611069,-0.01427991074056562
0.3380916191962945,0.12706969027102283,0.5348386905326827,0.1713652589545586
0.33509352757849065,0.16937479141725087,0.49553168100425854,0.10743315674716604
0.3320954359606867,0.2116798925634789,0.45622467147583434,0.07607637697234121
0.3290973443428829,0.25398499370970695,0.4169176619474102,0.28851439495331366
0.32609925272507906,0.296290094855935,0.377610652418986,0.8097138139426019
0.32310116110727516,0.3385951960021631,0.3383036428905618,1.063354790958175
0.3201030694894713,0.38090029714839113,0.2989966333621376,0.68717592708517
0.11088952347194724,0.5157284863419607,0.373381990186092,-0.11131286121485653
0.1309484614632071,0.5162397268237972,0.35281181171299575,0.016359704031019138
0.15100739945446695,0.5167509673056336,0.3322416332398994,0.19773092915975662
0.1710663374457268,0.5172622077874701,0.3116714547668031,0.10252761707245789
0.19112527543698665,0.5177734482693066,0.2911012762937068,-0.007297167676815086
0.21118421342824653,0.5182846887511431,0.27053109782061047,0.008781545470963237
0.23124315141950638,0.5187959292329796,0.24996091934751416,-0.023503213995022743
0.25130208941076626,0.519307169714816,0.22939074087441785,-0.10314460342879346
0.06765718227047632,0.5336320794376098,0.39871073829191395,0.08584853622771954
0.103973404254454,0.5222719883845724,0.37375460736097366,0.03472232370890285
0.1402896262384317,0.5109118973315351,0.3487984764300333,0.08780911767983346
0.17660584822240938,0.49955180627849766,0.32384234549909297,0.04780726412537005
0.21292207020638704,0.4881917152254603,0.2988862145681527,0.1993452589267173
0.24923829219036472,0.4768316241724229,0.27393008363721233,0.0905163237265437
0.2855545141743424,0.46547153311938555,0.248973952706272,0.008911378448253314
0.3218707361583201,0.4541114420663482,0.22401782177533167,0.12479442455380335
0.2970167226887083,0.6287791719536263,0.07420410535766546,-0.023721537534907897
0.31368257627834245,0.5393674390021345,0.14694998471952325,-0.06611020671704504
0.3303484298679765,0.4499557060506425,0.21969586408138106,0.0681599998041383
0.34701428345761065,0.36054397309915054,0.29244174344323887,0.7504878584442106
0.3636801370472448,0.2711322401476587,0.36518762280509665,0.4584961026987662
0.38034599063687885,0.18172050719616684,0.43793350216695437,0.018142435978628857
0.397011844226513,0.0923087742446749,0.5106793815288123,-0.14675043411650643
0.41367769781614705,0.0028970412931829566,0.58342526089067,-0.018415127023636475
0.28780438439869765,0.3430517496939869,0.3691438659073156,0.6810503063574315
0.31172960199049,0.532841021938996,0.15542937607051402,-0.11995151538160058
0.28464732739246124,0.3286553553986491,0.38669731720888967,0.6732661062993173
0.3125823064479564,0.3213978739128666,0.3660198196391769,0.8693275585518105
0.4842676828376336,0.19396488863048525,0.3217674285318812,-0.03373736418813641
0.25195935009886156,0.1958644982317692,0.5521761516693692,-0.03742095056202473
0.3479044448011929,0.26851782911844757,0.3835777260803596,0.3616700518573208
0.33902985758817694,0.26984178135440506,0.39112836105741805,0.5119616850365494
0.26431868827734856,0.31926450148343033,0.4164168102392211,0.3383085742078059
0.24435835086335644,0.3280094037997401,0.42763224533690347,0.2621875737445876
0.2758315732398944,0.5277993144642891,0.19636911229581644,-0.06909769306585198
0.4676141633036931,0.18975415049941527,0.34263168619689177,-0.02143560620776844
0.22863471217022863,0.22378619088729776,0.5475790969424736,0.018801158387640637
0.500991985428479,0.3591426050962451,0.13986540947527581,0.018486744596094992
0.24098130105343668,0.305131156360791,0.4538875425857723,0.0583268129919581
0.3637727793463702,0.23567385504453406,0.40055336560909566,0.10703553051797932
0.44276246234814637,0.30984805692554884,0.2473894807263049,0.22687419222258962
0.1689375612449169,0.4352203542318982,0.3958420845231848,0.17081050653906205
0.2801752037222182,0.3396206321576586,0.38020416412012326,0.6645548163795192
0.4305107904762733,0.2733773233818384,0.2961118861418884,0.21430710996725086
0.46460913106661667,0.26434310500466957,0.27104776392871377,0.09869661397295838
0.29558230478404185,0.38865614648493235,0.3157615487310258,0.625786226664702
0.42373016132826363,0.3261965105229389,0.25007332814879757,0.27076557511319665
0.33185690461808315,0.4284296669748549,0.2397134284070621,0.2083734871469155
0.2951067255916805,0.2975394508874369,0.4073538235208825,0.4132079731375557
0.48868565694550026,0.16413258066530215,0.3471817623891977,-0.05627306936455417
0.18139971168341212,0.5152268073429772,0.30337348097361067,0.01954474248616302
0.3461514199502286,0.4276430124727862,0.2262055675769851,0.0925039596460148
0.3240800327402625,0.49060030085621187,0.18531966640352557,-0.07754836698183615
0.40605974396889555,0.12720000414290847,0.4667402518881959,-0.04528250033640045
0.26961188945313347,0.3872665669703578,0.3431215435765087,0.3889562225116851
0.4011249821947114,0.2634154763645528,0.33545954144073564,0.36966954143591374
0.3017317485361235,0.20963477754537838,0.4886334739184981,0.8301977623836144
0.226449130224688,0.4989019735611169,0.27464889621419525,-0.008084735068287406
0.2695550936122311,0.42687710965670644,0.3035677967310625,0.22420971483086866
0.3198043568429862,0.39221426650714886,0.287981376649865,0.5512340640665087
0.5263295770120879,0.21206133692127146,0.2616090860666406,0.10565151501903182
0.3437754867812471,0.3223731035670455,0.33385140965170745,1.137831607070285
0.2735926594941422,0.2978315951670226,0.42857574533883513,0.3670704273653279
0.33248498445666835,0.2872269055198795,0.38028811002345214,0.7101782944428858
0.41921052208993437,0.40346144789735316,0.17732803001271244,-0.02793593280384596
0.3005504807084033,0.2834626917183021,0.4159868275732946,0.4154638117601097
1.0,0.0,0.0,0.7963975277792137
0.9999999999999999,0.0,0.0,0.9036860487978914
1.0,0.0,0.0,0.9489972660318331
1.0,0.0,0.0,1.056638491769317
1.0,0.0,0.0,0.9725572142890488
1.0,0.0,0.0,0.9428397424781098
1.0,0.0,0.0,0.9341845153751998
1.0,0.0,0.0,0.918556834014541
1.0,0.0,0.0,1.0510800971648595
0.9999999999999999,0.0,0.0,1.0017590097851223
1.0,0.0,0.0,1.0239056079875761
1.0,0.0,0.0,0.8982480504047858
0.9999999999999999,0.0,0.0,1.002059650290948
1.0,0.0,0.0,0.8450068840269898
1.0,0.0,0.0,1.416367701850675
1.0,0.0,0.0,1.038514174721851
1.0,0.0,0.0,0.9916443660506187
1.0,0.0,0.0,0.8358959684106788
1.0,0.0,0.0,0.931050355059289
0.9999999999999999,0.0,0.0,0.9029490422710864
1.0,0.0,0.0,0.9878313609933769
1.0,0.0,0.0,1.0264579698596288
1.0,0.0,0.0,1.0224594752427225
1.0,0.0,0.0,1.110443774345232
1.0,0.0,0.0,0.9961545593657958
1.0,0.0,0.0,1.0885177866536626
1.0,0.0,0.0,0.9781351190840891
0.9999999999999999,0.0,0.0,1.0355655373639345
1.0,0.0,0.0,0.9847620714595741
1.0,0.0,0.0,1.0201753344163227
1.0,0.0,0.0,0.9970194965268889
1.0,0.0,0.0,0.9525349930054551
0.9999999999999999,0.0,0.0,1.2039971253890793
0.9999999999999999,0.0,0.0,1.0226808766932987
0.9999999999999999,0.0,0.0,1.2020909021317374
0.9999999999999999,0.0,0.0,1.0533298341829724
1.0,0.0,0.0,1.0134694782437728
1.0,0.0,0.0,0.8358991474347925
1.0,0.0,0.0,1.0262543506324637
1.0,0.0,0.0,0.9146086978610934
1.0,0.0,0.0,1.0102156805901341
1.0,0.0,0.0,1.0198148011606993
0.5066317143388155,0.4933682856611845,0.0,0.9882853242434207
0.4545636238376958,0.5454363761623043,0.0,0.6348707420887693
0.5731031507617153,0.42689684923828475,0.0,0.34247066158988376
0.5039341350303911,0.49606586496960897,0.0,1.030238826379164
0.4323785324826998,0.5676214675173001,0.0,0.3960730944818569
0.4595525708107033,0.5404474291892967,0.0,0.5794452097311086
0.4070569849092534,0.5929430150907465,0.0,0.19070613908517164
0.4199633026638714,0.5800366973361287,0.0,0.28245626945313457
0.49629617610907184,0.5037038238909282,0.0,1.04370905819012
0.48538135388132536,0.5146186461186746,0.0,0.9912029525536276
0.42370199730357916,0.5762980026964208,0.0,0.15728054875802777
0.5557876661060943,0.44421233389390574,0.0,0.6153739300730371
0.5069964527152531,0.4930035472847468,0.0,0.9284849363051454
0.47332208744472576,0.5266779125552744,0.0,0.925045647331259
0.47447517462322775,0.5255248253767723,0.0,0.8141701816871112
0.4384525401190195,0.5615474598809804,0.0,0.513898450098712
0.6250219978493522,0.3749780021506478,0.0,-0.037036857633663184
0.6333816242736817,0.3666183757263183,0.0,0.06700271376558793
0.5969307091355116,0.40306929086448834,0.0,0.16235051691508312
0.6500161734696082,0.3499838265303918,0.0,0.11360372270025393
0.48436201994464,0.5156379800553601,0.0,0.9102050670427525
0.557323729249543,0.4426762707504572,0.0,0.5729211487863185
0.2987194640133576,0.7012805359866424,0.0,-0.09146419641880911
0.5416196352654391,0.4583803647345609,0.0,0.7045083758765597
0.5044607989251814,0.49553920107481864,0.0,0.9690288031131742
0.3470276394479786,0.6529723605520215,0.0,-0.036475144754828756
0.48029911326485464,0.5197008867351453,0.0,0.9028930467006022
0.6740644218394883,0.3259355781605117,0.0,0.035322465361191636
0.4279400690833218,0.5720599309166782,0.0,0.3347468238990439
0.5964409461309529,0.40355905386904695,0.0,0.1773843774802209
0.4227948102178763,0.5772051897821235,0.0,0.342171176349138
0.6276290407081487,0.37237095929185127,0.0,0.1348728751418745
0.5198230309312467,0.4801769690687533,0.0,0.943228932159984
0.43779363504403107,0.562206364955969,0.0,0.38081026281304087
0.6766951916711702,0.32330480832882963,0.0,-0.024245171648955306
0.40212611626505607,0.5978738837349439,0.0,0.20260574971641862
0.5055083775443587,0.4944916224556413,0.0,0.9506933913407352
0.5828805579989036,0.41711944200109646,0.0,0.17162197615641747
0.3613466792329475,0.6386533207670526,0.0,0.07086142922879979
0.3314641490021815,0.6685358509978185,0.0,0.10281027668651024
0.5193693341580802,0.4806306658419198,0.0,0.977032075818323
0.48816261016236917,0.5118373898376308,0.0,0.9398316633591898
0.0,1.0,0.0,0.9698679166576629
0.0,1.0,0.0,0.9834916029330073
0.0,1.0,0.0,1.0073283020921688
0.0,1.0,0.0,0.9061750654385157
0.0,1.0,0.0,0.8674780187133326
0.0,1.0,0.0,1.5512789896630559
0.0,1.0,0.0,1.0119437554977855
0.0,1.0,0.0,1.0021733040341987
0.0,1.0,0.0,0.9449816374448051
0.0,1.0,0.0,1.0694334062192539
0.0,0.9999999999999999,0.0,0.9435602725520721
0.0,1.0,0.0,1.0273507518262228
0.0,1.0,0.0,1.0162162310965561
0.0,1.0,0.0,1.0061507345956509
0.0,1.0,0.0,1.0212686197946295
0.0,1.0,0.0,0.9628424720309247
0.0,1.0,0.0,0.9683634314102544
0.0,1.0,0.0,1.0303806876415076
0.0,1.0,0.0,0.9016645916672771
0.0,0.9999999999999999,0.0,0.9934063797254417
0.0,1.0,0.0,1.0832148880047712
0.0,1.0,0.0,0.911482060563646
0.0,1.0,0.0,1.0461158157856334
0.0,1.0,0.0,1.0111508448680748
0.0,1.0,0.0,0.9537789918784607
0.0,1.0,0.0,1.0333622077126785
0.0,1.0,0.0,0.9447009552292678
0.0,1.0,0.0,0.9951140849966503
0.0,1.0,0.0,0.8969731354073069
0.0,1.0,0.0,0.8178678179463817
0.0,1.0,0.0,0.9665341859572323
0.0,0.9999999999999999,0.0,0.9654572253592287
0.0,1.0,0.0,0.9722160311133545
0.0,1.0,0.0,1.0515785571644036
0.0,1.0,0.0,1.0697588419148882
0.0,1.0,0.0,1.0206214989790865
0.0,1.0,0.0,1.0462026244253235
0.0,1.0,0.0,0.9465592477882537
0.0,1.0,0.0,0.9303965424053416
0.0,1.0,0.0,1.0348546053988565
0.0,1.0,0.0,0.9213930065625009
0.0,1.0,0.0,0.5713533278223109
0.0,0.0,1.0,1.059241284361541
0.0,0.0,1.0,1.0881380394534315
0.0,0.0,1.0,0.9767482029112696
0.0,0.0,0.9999999999999999,1.0275966354609423
0.0,0.0,1.0,0.9514015366426352
0.0,0.0,1.0,1.0655598549099752
0.0,0.0,1.0,1.008915373295954
0.0,0.0,1.0,1.0512044685558655
0.0,0.0,1.0,0.924709939969989
0.0,0.0,1.0,1.0420671499289929
0.0,0.0,1.0,0.943338238963187
0.0,0.0,0.9999999999999999,0.9479297351033056
0.0,0.0,1.0,0.9339232532694598
0.0,0.0,1.0,1.0405413515659494
0.0,0.0,1.0,1.0443395078719144
0.0,0.0,1.0,1.0873047994799716
0.0,0.0,1.0,0.8803541727262891
0.0,0.0,1.0,0.9568677441077833
0.0,0.0,1.0,0.9245691726677401
0.0,0.0,1.0,0.9148377399297416
0.0,0.0,1.0,1.003618882500003
0.0,0.0,0.9999999999999999,1.0355409916146776
0.0,0.0,1.0,0.8693068721116411
0.0,0.0,0.9999999999999999,1.016410178153747
0.0,0.0,1.0,0.9298336977963648
0.0,0.0,1.0,1.0012134240405914
0.0,0.0,1.0,0.9672102011470379
0.0,0.0,1.0,1.0384288011853837
0.0,0.0,1.0,0.9348248558440527
0.0,0.0,1.0,1.0025763849367868
0.0,0.0,1.0,0.8700581903019879
0.0,0.0,1.0,1.0009850458011453
0.0,0.0,1.0,0.9430626711357326
0.0,0.0,1.0,0.9876198564499042
0.0,0.0,1.0,1.0423354107785399
0.0,0.0,1.0,0.9793956593530925
0.0,0.0,1.0,1.0306358971474014
0.0,0.0,1.0,0.84802984835939
0.0,0.0,1.0,1.0685709738809182
0.0,0.0,1.0,1.1244824634703876
0.0,0.0,1.0,1.0009728746532758
0.0,0.0,1.0,0.9931348502027245
0.4475447357699518,0.3381782998064222,0.21427696442362584,0.06970515640980453
0.14736115930811958,0.15107496402436907,0.7015638766675113,-0.06705961081363662
0.41960164005209394,0.0005995513301750538,0.579798808617731,-0.11731850043485163
0.09574306270735533,0.795604281950055,0.10865265534258971,0.02100552757025237
0.25703161664472246,0.5850967478092373,0.1578716355460401,-0.045279748235993046
0.9156945831695025,0.05809275666848839,0.02621266016200909,0.3598901403514684
0.6017344965598296,0.3097733117357756,0.08849219170439492,0.055676417209768285
0.191733698838736,0.32633751206750466,0.48192878909375947,0.19576712061196633
0.26190811148569615,0.5636047224937071,0.17448716602059686,-0.160035314438969
0.017249431862204106,0.9265538774550429,0.05619669068275287,0.4626665755692512
0.004592086958492794,0.48442782542930357,0.5109800876122037,-0.02822132421410985
0.32158820257657983,0.4377950877172122,0.24061670970620785,0.07683382927978882
0.5043222217587994,0.2628763199001323,0.2328014583410683,0.017159891962948485
0.07652236137505995,0.33126879037972873,0.5922088482452114,-0.042320623118553974
0.4616449860957036,0.35169484126860706,0.1866601726356892,-0.11150673185056764
0.2399221207200712,0.7122143096208822,0.0478635696590466,-0.09191322600862088
0.5363248187699894,0.17139965487521405,0.2922755263547966,-0.08235630371054206
0.008479953239647304,0.06828333215301281,0.9232367146073399,0.28391840193033996
0.026069222484204627,0.7313709078249817,0.24255986969081364,0.09257676422905747
0.19781560246619595,0.6582225723734596,0.14396182516034436,0.0011299991403747507
0.2494154696222739,0.6351464881321804,0.11543804224554553,-0.030260267040940023
0.2219191601814183,0.34291580961702817,0.4351650302015536,0.1377849745701584
0.6338805283680251,0.2120009161488337,0.15411855548314135,0.0025574898847479884
0.11517964704306169,0.021962188305655293,0.862858164651283,0.050896985507090625
0.22420786313627233,0.7330626403610513,0.042729496502676365,-0.01960000274759873
0.8148093505215624,0.15383262180997842,0.03135802766845927,-0.05924394014399467
0.008761266951168288,0.10333229443489426,0.8879064386139375,0.09008734277134112
0.14415905892164035,0.8028902492406326,0.05295069183772709,-0.038302670903850644
0.17600033623136827,0.29616301124264804,0.5278366525259837,0.06082016613559802
0.40972719329982044,0.017581480570627642,0.572691326129552,-0.0001574562772962926
0.0020815343834192554,0.07614634141824675,0.921772124198334,0.2471265223095173
0.40105904792429586,0.37542596548014057,0.22351498659556354,0.09979614947584095
0.555276613352115,0.09183116619921909,0.35289222044866597,0.154761284829494
0.23298254196640505,0.20714972332804923,0.5598677347055457,-0.15310313202548254
0.16332891992334514,0.5410420356448223,0.2956290444318325,0.0867862659608367
0.9356102474435903,0.05053894568727901,0.013850806869130615,0.5820826634275623
0.3280373623144156,0.5054600476269171,0.16650259005866747,0.03962717912112911
0.2681803173451996,0.10604260285207412,0.6257770798027262,0.0643601975647724
0.3654192384642049,0.6080826286244746,0.02649813291132056,0.06963492252598777
0.07479272589380052,0.09293025032041885,0.8322770237857806,-0.008232869564289702
0.5108245895564256,0.4841865215032947,0.00498888894027957,1.5581457423653924
0.39301331394188715,0.4322548019686556,0.17473188408945717,0.08464711139871912
0.02160975732556825,0.4968404956594163,0.48154974701501546,-0.20528013468330475
0.09577341123540244,0.46995970277578436,0.4342668859888132,0.10068567374973703
0.19395224962723506,0.09347175689956716,0.7125759934731978,-0.1198011946953707
0.10192056100854009,0.22356440916077686,0.674515029830683,0.12476061673044074
0.4688905556998163,0.22715100149309359,0.3039584428070902,0.08248555777944339
0.6917157707078577,0.2570112912154844,0.05127293807665795,-0.6301240235928158
0.2271345757411393,0.7246489712793203,0.04821645297954051,0.04777155293650381
0.6809837837554129,0.05401016151693026,0.26500605472765687,-0.12999618895598905
0.528600586394267,0.098710547664182,0.37268886594155093,-0.037875429941438145
0.8416531804752437,0.010373978673246109,0.14797284085151005,0.0461521562408688
0.20874824047323595,0.21305460875154897,0.5781971507752149,0.010289298973869371
0.23909224297149684,0.6282769495118038,0.13263080751669945,0.07322555537894683
0.13670926750175377,0.6861629463342089,0.17712778616403732,-0.11353449136194102
0.11910748407405217,0.5211311329224751,0.3597613830034727,0.04442237689254619
0.31658145509478386,0.22747986865438982,0.45593867625082624,0.09535230209550678
0.523252180295643,0.20664335152781893,0.2701044681765381,0.0583830979119165
0.23795013054709535,0.18628599441208996,0.5757638750408148,-0.033989798450896655
0.14162855054054777,0.06018151958389692,0.7981899298755553,0.14284346635625075
0.3905666991592342,0.26021463224800895,0.3492186685927569,0.4393064139925439
0.42732009432319434,0.24293890811835417,0.32974099755845154,0.16856184346977018
0.5858874557806989,0.3975614914114651,0.01655105280783605,0.011056903948023694
0.2400481724734591,0.07148291296639024,0.6884689145601507,-0.02660258039371444
0.45036257185425854,0.32300857807094663,0.22662885007479489,0.13545588768618352
0.09532851934217108,0.5570055241223651,0.3476659565354638,0.10432704772512283
0.5434735937665235,0.12401638418833695,0.3325100220451396,0.0033503689725381683
0.19059276916937593,0.41266900407926593,0.3967382267513582,0.1614169033019364
0.14182553909434412,0.6541757157487174,0.20399874515693844,-0.06590750241524765
0.5220886692404748,0.05814253604836562,0.41976879471115963,0.030771549781707475
0.5710545477524496,0.34451580441902435,0.08442964782852612,0.1276358611528712
0.4862468339550069,0.4368031566530304,0.0769500093919626,0.289205573480658
0.0676145141963094,0.7218598190476313,0.21052566675605922,-0.006084657726440727
0.08658570978064592,0.3838104394449491,0.529603850774405,0.04372322478280189
